Draft (m),Δ(tonne),Diff,TPC (tonnes),MTC (t ‐ m),LCB (m),,LCF (m),,KB (m),TKM (m)
2.00,10497,56,56.2,688.4,8.84,F,8.30,F,1.02,40.19
2.01,10553,56,56.2,688.7,8.84,F,8.30,F,1.03,40.12
2.02,10609,56,56.2,688.9,8.84,F,8.29,F,1.03,40.05
2.03,10666,56,56.2,689.2,8.83,F,8.29,F,1.04,39.97
2.04,10722,56,56.2,689.5,8.83,F,8.29,F,1.04,39.90
2.05,10778,56,56.3,689.7,8.83,F,8.28,F,1.05,39.83
2.06,10834,56,56.3,690.0,8.83,F,8.28,F,1.05,39.76
2.07,10891,56,56.3,690.3,8.82,F,8.28,F,1.06,39.69
2.08,10947,56,56.3,690.6,8.82,F,8.27,F,1.06,39.61
2.09,11003,56,56.3,690.8,8.82,F,8.27,F,1.07,39.54
2.10,11060,56,56.3,691.1,8.82,F,8.27,F,1.07,39.47
2.11,11116,56,56.3,691.4,8.82,F,8.26,F,1.08,39.40
2.12,11172,56,56.3,691.6,8.81,F,8.26,F,1.08,39.33
2.13,11229,56,56.3,691.9,8.81,F,8.26,F,1.09,39.25
2.14,11285,56,56.3,692.2,8.81,F,8.25,F,1.09,39.18
2.15,11341,56,56.4,692.4,8.81,F,8.25,F,1.10,39.11
2.16,11398,56,56.4,692.7,8.80,F,8.25,F,1.10,39.04
2.17,11454,56,56.4,693.0,8.80,F,8.24,F,1.11,38.97
2.18,11510,56,56.4,693.3,8.80,F,8.24,F,1.11,38.89
2.19,11567,56,56.4,693.5,8.80,F,8.24,F,1.12,38.82
2.20,11623,56,56.4,693.8,8.80,F,8.23,F,1.12,38.75
2.21,11680,56,56.4,694.1,8.79,F,8.23,F,1.13,38.68
2.22,11736,56,56.4,694.3,8.79,F,8.23,F,1.13,38.61
2.23,11792,56,56.4,694.6,8.79,F,8.22,F,1.14,38.53
2.24,11849,56,56.5,694.9,8.79,F,8.22,F,1.14,38.46
2.25,11905,56,56.5,695.1,8.78,F,8.22,F,1.15,38.39
2.26,11962,56,56.5,695.4,8.78,F,8.21,F,1.15,38.32
2.27,12018,56,56.5,695.7,8.78,F,8.21,F,1.16,38.25
2.28,12075,56,56.5,696.0,8.78,F,8.21,F,1.16,38.17
2.29,12131,56,56.5,696.2,8.77,F,8.20,F,1.17,38.10
2.30,12188,56,56.5,696.5,8.77,F,8.20,F,1.17,38.03
2.31,12244,57,56.5,696.8,8.77,F,8.20,F,1.18,37.96
2.32,12301,57,56.5,697.0,8.77,F,8.19,F,1.19,37.89
2.33,12357,57,56.5,697.3,8.77,F,8.19,F,1.19,37.81
2.34,12414,57,56.6,697.6,8.76,F,8.19,F,1.20,37.74
2.35,12471,57,56.6,697.8,8.76,F,8.18,F,1.20,37.67
2.36,12527,57,56.6,698.1,8.76,F,8.18,F,1.21,37.60
2.37,12584,57,56.6,698.4,8.76,F,8.18,F,1.21,37.53
2.38,12640,57,56.6,698.6,8.75,F,8.17,F,1.22,37.45
2.39,12697,57,56.6,698.9,8.75,F,8.17,F,1.22,37.38
2.40,12754,57,56.6,699.2,8.75,F,8.17,F,1.23,37.31
2.41,12810,57,56.6,699.5,8.75,F,8.16,F,1.23,37.24
2.42,12867,57,56.6,699.7,8.75,F,8.16,F,1.24,37.17
2.43,12924,57,56.7,700.0,8.74,F,8.16,F,1.24,37.09
2.44,12980,57,56.7,700.3,8.74,F,8.15,F,1.25,37.02
2.45,13037,57,56.7,700.5,8.74,F,8.15,F,1.25,36.95
2.46,13094,57,56.7,700.8,8.74,F,8.15,F,1.26,36.88
2.47,13150,57,56.7,701.1,8.73,F,8.14,F,1.26,36.81
2.48,13207,57,56.7,701.3,8.73,F,8.14,F,1.27,36.73
2.49,13264,57,56.7,701.6,8.73,F,8.14,F,1.27,36.66
2.50,13320,57,56.7,701.9,8.73,F,8.14,F,1.28,36.59
2.50,13320,57,56.7,701.9,8.73,F,8.14,F,1.28,36.59
2.51,13377,57,56.7,702.2,8.73,F,8.13,F,1.28,36.52
2.52,13434,57,56.7,702.4,8.72,F,8.13,F,1.29,36.45
2.53,13491,57,56.8,702.7,8.72,F,8.13,F,1.29,36.37
2.54,13547,57,56.8,703.0,8.72,F,8.12,F,1.30,36.30
2.55,13604,57,56.8,703.2,8.72,F,8.12,F,1.30,36.23
2.56,13661,57,56.8,703.5,8.71,F,8.12,F,1.31,36.16
2.57,13718,57,56.8,703.8,8.71,F,8.11,F,1.31,36.09
2.58,13775,57,56.8,704.0,8.71,F,8.11,F,1.32,36.01
2.59,13831,57,56.8,704.3,8.71,F,8.11,F,1.32,35.94
2.60,13888,57,56.8,704.6,8.71,F,8.10,F,1.33,35.87
2.61,13945,57,56.8,704.8,8.70,F,8.10,F,1.34,35.80
2.62,14002,57,56.9,705.1,8.70,F,8.10,F,1.34,35.73
2.63,14059,57,56.9,705.4,8.70,F,8.09,F,1.35,35.65
2.64,14116,57,56.9,705.7,8.70,F,8.09,F,1.35,35.58
2.65,14173,57,56.9,705.9,8.69,F,8.09,F,1.36,35.51
2.66,14229,57,56.9,706.2,8.69,F,8.08,F,1.36,35.44
2.67,14286,57,56.9,706.5,8.69,F,8.08,F,1.37,35.37
2.68,14343,57,56.9,706.7,8.69,F,8.08,F,1.37,35.29
2.69,14400,57,56.9,707.0,8.68,F,8.07,F,1.38,35.22
2.70,14457,57,56.9,707.3,8.68,F,8.07,F,1.38,35.15
2.71,14514,57,56.9,707.5,8.68,F,8.07,F,1.39,35.08
2.72,14571,57,57.0,707.8,8.68,F,8.06,F,1.39,35.01
2.73,14628,57,57.0,708.1,8.68,F,8.06,F,1.40,34.93
2.74,14685,57,57.0,708.4,8.67,F,8.06,F,1.40,34.86
2.75,14742,57,57.0,708.6,8.67,F,8.05,F,1.41,34.79
2.76,14799,57,57.0,708.9,8.67,F,8.05,F,1.41,34.72
2.77,14856,57,57.0,709.2,8.67,F,8.05,F,1.42,34.65
2.78,14913,57,57.0,709.4,8.66,F,8.04,F,1.42,34.57
2.79,14970,57,57.0,709.7,8.66,F,8.04,F,1.43,34.50
2.80,15027,57,57.0,710.0,8.66,F,8.04,F,1.43,34.43
2.81,15084,57,57.1,710.2,8.66,F,8.03,F,1.44,34.36
2.82,15141,57,57.1,710.5,8.66,F,8.03,F,1.44,34.29
2.83,15198,57,57.1,710.8,8.65,F,8.03,F,1.45,34.21
2.84,15255,57,57.1,711.1,8.65,F,8.02,F,1.45,34.14
2.85,15312,57,57.1,711.3,8.65,F,8.02,F,1.46,34.07
2.86,15369,57,57.1,711.6,8.65,F,8.02,F,1.46,34.00
2.87,15427,57,57.1,711.9,8.64,F,8.01,F,1.47,33.93
2.88,15484,57,57.1,712.1,8.64,F,8.01,F,1.47,33.85
2.89,15541,57,57.1,712.4,8.64,F,8.01,F,1.48,33.78
2.90,15598,57,57.1,712.7,8.64,F,8.00,F,1.48,33.71
2.91,15655,57,57.2,712.9,8.64,F,8.00,F,1.49,33.64
2.92,15712,57,57.2,713.2,8.63,F,8.00,F,1.50,33.57
2.93,15769,57,57.2,713.5,8.63,F,7.99,F,1.50,33.49
2.94,15827,57,57.2,713.7,8.63,F,7.99,F,1.51,33.42
2.95,15884,57,57.2,714.0,8.63,F,7.99,F,1.51,33.35
2.96,15941,57,57.2,714.3,8.62,F,7.98,F,1.52,33.28
2.97,15998,57,57.2,714.6,8.62,F,7.98,F,1.52,33.21
2.98,16056,57,57.2,714.8,8.62,F,7.98,F,1.53,33.13
2.99,16113,57,57.2,715.1,8.62,F,7.97,F,1.53,33.06
3.00,16170,57,57.3,715.4,8.62,F,7.97,F,1.54,32.99
3.00,16170,57,57.3,715.4,8.62,F,7.97,F,1.54,32.99
3.01,16227,57,57.3,715.6,8.61,F,7.97,F,1.54,32.92
3.02,16285,57,57.3,715.9,8.61,F,7.96,F,1.55,32.85
3.03,16342,57,57.3,716.2,8.61,F,7.96,F,1.55,32.77
3.04,16399,57,57.3,716.4,8.61,F,7.96,F,1.56,32.70
3.05,16456,57,57.3,716.7,8.60,F,7.95,F,1.56,32.63
3.06,16514,57,57.3,717.0,8.60,F,7.95,F,1.57,32.56
3.07,16571,57,57.3,717.3,8.60,F,7.95,F,1.57,32.49
3.08,16628,57,57.3,717.5,8.60,F,7.94,F,1.58,32.41
3.09,16686,57,57.3,717.8,8.59,F,7.94,F,1.58,32.34
3.10,16743,57,57.4,718.1,8.59,F,7.94,F,1.59,32.27
3.11,16800,57,57.4,718.3,8.59,F,7.93,F,1.59,32.20
3.12,16858,57,57.4,718.6,8.59,F,7.93,F,1.60,32.13
3.13,16915,57,57.4,718.9,8.59,F,7.93,F,1.60,32.05
3.14,16973,57,57.4,719.1,8.58,F,7.92,F,1.61,31.98
3.15,17030,57,57.4,719.4,8.58,F,7.92,F,1.61,31.91
3.16,17087,57,57.4,719.7,8.58,F,7.92,F,1.62,31.84
3.17,17145,57,57.4,720.0,8.58,F,7.91,F,1.62,31.77
3.18,17202,57,57.4,720.2,8.57,F,7.91,F,1.63,31.69
3.19,17260,57,57.4,720.5,8.57,F,7.91,F,1.63,31.62
3.20,17317,57,57.5,720.8,8.57,F,7.90,F,1.64,31.55
3.21,17375,57,57.5,721.0,8.57,F,7.90,F,1.65,31.48
3.22,17432,57,57.5,721.3,8.57,F,7.90,F,1.65,31.41
3.23,17490,57,57.5,721.6,8.56,F,7.89,F,1.66,31.33
3.24,17547,57,57.5,721.8,8.56,F,7.89,F,1.66,31.26
3.25,17605,57,57.5,722.1,8.56,F,7.89,F,1.67,31.19
3.26,17662,57,57.5,722.4,8.56,F,7.88,F,1.67,31.12
3.27,17720,57,57.5,722.6,8.55,F,7.88,F,1.68,31.05
3.28,17777,57,57.5,722.9,8.55,F,7.88,F,1.68,30.97
3.29,17835,57,57.6,723.2,8.55,F,7.87,F,1.69,30.90
3.30,17892,57,57.6,723.5,8.55,F,7.87,F,1.69,30.83
3.31,17950,58,57.6,723.7,8.55,F,7.87,F,1.70,30.76
3.32,18008,58,57.6,724.0,8.54,F,7.86,F,1.70,30.69
3.33,18065,58,57.6,724.3,8.54,F,7.86,F,1.71,30.61
3.34,18123,58,57.6,724.5,8.54,F,7.86,F,1.71,30.54
3.35,18180,58,57.6,724.8,8.54,F,7.85,F,1.72,30.47
3.36,18238,58,57.6,725.1,8.53,F,7.85,F,1.72,30.40
3.37,18296,58,57.6,725.3,8.53,F,7.85,F,1.73,30.33
3.38,18353,58,57.6,725.6,8.53,F,7.84,F,1.73,30.25
3.39,18411,58,57.7,725.9,8.53,F,7.84,F,1.74,30.18
3.40,18469,58,57.7,726.2,8.53,F,7.84,F,1.74,30.11
3.41,18526,58,57.7,726.4,8.52,F,7.83,F,1.75,30.04
3.42,18584,58,57.7,726.7,8.52,F,7.83,F,1.75,29.97
3.43,18642,58,57.7,727.0,8.52,F,7.83,F,1.76,29.89
3.44,18699,58,57.7,727.2,8.52,F,7.82,F,1.76,29.82
3.45,18757,58,57.7,727.5,8.51,F,7.82,F,1.77,29.75
3.46,18815,58,57.7,727.8,8.51,F,7.82,F,1.77,29.68
3.47,18873,58,57.7,728.0,8.51,F,7.81,F,1.78,29.61
3.48,18930,58,57.8,728.3,8.51,F,7.81,F,1.78,29.53
3.49,18988,58,57.8,728.6,8.50,F,7.81,F,1.79,29.46
3.50,19046,58,57.8,728.8,8.50,F,7.81,F,1.79,29.39
3.50,19046,58,57.8,728.8,8.50,F,7.81,F,1.79,29.39
3.51,19104,58,57.8,729.1,8.50,F,7.80,F,1.80,29.32
3.52,19161,58,57.8,729.4,8.50,F,7.80,F,1.81,29.25
3.53,19219,58,57.8,729.7,8.50,F,7.80,F,1.81,29.17
3.54,19277,58,57.8,729.9,8.49,F,7.79,F,1.82,29.10
3.55,19335,58,57.8,730.2,8.49,F,7.79,F,1.82,29.03
3.56,19393,58,57.8,730.5,8.49,F,7.79,F,1.83,28.96
3.57,19451,58,57.8,730.7,8.49,F,7.78,F,1.83,28.89
3.58,19508,58,57.9,731.0,8.48,F,7.78,F,1.84,28.81
3.59,19566,58,57.9,731.3,8.48,F,7.78,F,1.84,28.74
3.60,19624,58,57.9,731.5,8.48,F,7.77,F,1.85,28.67
3.61,19682,58,57.9,731.8,8.48,F,7.77,F,1.85,28.60
3.62,19740,58,57.9,732.1,8.48,F,7.77,F,1.86,28.53
3.63,19798,58,57.9,732.4,8.47,F,7.76,F,1.86,28.45
3.64,19856,58,57.9,732.6,8.47,F,7.76,F,1.87,28.38
3.65,19914,58,57.9,732.9,8.47,F,7.76,F,1.87,28.31
3.66,19972,58,57.9,733.2,8.47,F,7.75,F,1.88,28.24
3.67,20030,58,58.0,733.4,8.46,F,7.75,F,1.88,28.17
3.68,20088,58,58.0,733.7,8.46,F,7.75,F,1.89,28.09
3.69,20146,58,58.0,734.0,8.46,F,7.74,F,1.89,28.02
3.70,20204,58,58.0,734.2,8.46,F,7.74,F,1.90,27.95
3.71,20262,58,58.0,734.5,8.46,F,7.74,F,1.90,27.88
3.72,20320,58,58.0,734.8,8.45,F,7.73,F,1.91,27.81
3.73,20378,58,58.0,735.1,8.45,F,7.73,F,1.91,27.73
3.74,20436,58,58.0,735.3,8.45,F,7.73,F,1.92,27.66
3.75,20494,58,58.0,735.6,8.45,F,7.72,F,1.92,27.59
3.76,20552,58,58.0,735.9,8.44,F,7.72,F,1.93,27.52
3.77,20610,58,58.1,736.1,8.44,F,7.72,F,1.93,27.45
3.78,20668,58,58.1,736.4,8.44,F,7.71,F,1.94,27.37
3.79,20726,58,58.1,736.7,8.44,F,7.71,F,1.94,27.30
3.80,20784,58,58.1,736.9,8.44,F,7.71,F,1.95,27.23
3.81,20842,58,58.1,737.2,8.43,F,7.70,F,1.96,27.16
3.82,20900,58,58.1,737.5,8.43,F,7.70,F,1.96,27.09
3.83,20958,58,58.1,737.7,8.43,F,7.70,F,1.97,27.01
3.84,21017,58,58.1,738.0,8.43,F,7.69,F,1.97,26.94
3.85,21075,58,58.1,738.3,8.42,F,7.69,F,1.98,26.87
3.86,21133,58,58.2,738.6,8.42,F,7.69,F,1.98,26.80
3.87,21191,58,58.2,738.8,8.42,F,7.68,F,1.99,26.73
3.88,21249,58,58.2,739.1,8.42,F,7.68,F,1.99,26.65
3.89,21307,58,58.2,739.4,8.41,F,7.68,F,2.00,26.58
3.90,21366,58,58.2,739.6,8.41,F,7.67,F,2.00,26.51
3.91,21424,58,58.2,739.9,8.41,F,7.67,F,2.01,26.44
3.92,21482,58,58.2,740.2,8.41,F,7.67,F,2.01,26.37
3.93,21540,58,58.2,740.4,8.41,F,7.66,F,2.02,26.29
3.94,21598,58,58.2,740.7,8.40,F,7.66,F,2.02,26.22
3.95,21657,58,58.2,741.0,8.40,F,7.66,F,2.03,26.15
3.96,21715,58,58.3,741.3,8.40,F,7.65,F,2.03,26.08
3.97,21773,58,58.3,741.5,8.40,F,7.65,F,2.04,26.01
3.98,21831,58,58.3,741.8,8.39,F,7.65,F,2.04,25.93
3.99,21890,58,58.3,742.1,8.39,F,7.64,F,2.05,25.86
4.00,21948,58,58.3,742.3,8.39,F,7.64,F,2.05,25.79
4.00,21948,58,58.3,742.3,8.39,F,7.64,F,2.05,25.79
4.01,22006,58,58.3,742.6,8.39,F,7.64,F,2.06,25.72
4.02,22065,58,58.3,742.9,8.39,F,7.63,F,2.06,25.65
4.03,22123,58,58.3,743.1,8.38,F,7.63,F,2.07,25.57
4.04,22181,58,58.3,743.4,8.38,F,7.63,F,2.07,25.50
4.05,22240,58,58.4,743.7,8.38,F,7.62,F,2.08,25.43
4.06,22298,58,58.4,744.0,8.38,F,7.62,F,2.08,25.36
4.07,22356,58,58.4,744.2,8.37,F,7.62,F,2.09,25.29
4.08,22415,58,58.4,744.5,8.37,F,7.61,F,2.09,25.21
4.09,22473,58,58.4,744.8,8.37,F,7.61,F,2.10,25.14
4.10,22532,58,58.4,745.0,8.37,F,7.61,F,2.10,25.07
4.11,22590,58,58.4,745.3,8.37,F,7.60,F,2.11,25.00
4.12,22648,58,58.4,745.6,8.36,F,7.60,F,2.12,24.93
4.13,22707,58,58.4,745.8,8.36,F,7.60,F,2.12,24.85
4.14,22765,58,58.4,746.1,8.36,F,7.59,F,2.13,24.78
4.15,22824,58,58.5,746.4,8.36,F,7.59,F,2.13,24.71
4.16,22882,58,58.5,746.6,8.35,F,7.59,F,2.14,24.64
4.17,22941,58,58.5,746.9,8.35,F,7.58,F,2.14,24.57
4.18,22999,58,58.5,747.2,8.35,F,7.58,F,2.15,24.49
4.19,23058,58,58.5,747.5,8.35,F,7.58,F,2.15,24.42
4.20,23116,58,58.5,747.7,8.35,F,7.57,F,2.16,24.35
4.21,23175,58,58.5,748.0,8.34,F,7.57,F,2.16,24.28
4.22,23233,58,58.5,748.3,8.34,F,7.57,F,2.17,24.21
4.23,23292,58,58.5,748.5,8.34,F,7.56,F,2.17,24.13
4.24,23350,58,58.6,748.8,8.34,F,7.56,F,2.18,24.06
4.25,23409,58,58.6,749.1,8.33,F,7.56,F,2.18,23.99
4.26,23468,58,58.6,749.3,8.33,F,7.55,F,2.19,23.92
4.27,23526,58,58.6,749.6,8.33,F,7.55,F,2.19,23.85
4.28,23585,58,58.6,749.9,8.33,F,7.55,F,2.20,23.77
4.29,23643,58,58.6,750.2,8.32,F,7.54,F,2.20,23.70
4.30,23702,58,58.6,750.4,8.32,F,7.54,F,2.21,23.63
4.31,23761,59,58.6,750.7,8.32,F,7.54,F,2.21,23.56
4.32,23819,59,58.6,751.0,8.32,F,7.53,F,2.22,23.49
4.33,23878,59,58.6,751.2,8.32,F,7.53,F,2.22,23.41
4.34,23936,59,58.7,751.5,8.31,F,7.53,F,2.23,23.34
4.35,23995,59,58.7,751.8,8.31,F,7.52,F,2.23,23.27
4.36,24054,59,58.7,752.0,8.31,F,7.52,F,2.24,23.20
4.37,24113,59,58.7,752.3,8.31,F,7.52,F,2.24,23.13
4.38,24171,59,58.7,752.6,8.30,F,7.51,F,2.25,23.05
4.39,24230,59,58.7,752.9,8.30,F,7.51,F,2.25,22.98
4.40,24289,59,58.7,753.1,8.30,F,7.51,F,2.26,22.91
4.41,24347,59,58.7,753.4,8.30,F,7.50,F,2.27,22.84
4.42,24406,59,58.7,753.7,8.30,F,7.50,F,2.27,22.77
4.43,24465,59,58.8,753.9,8.29,F,7.50,F,2.28,22.69
4.44,24524,59,58.8,754.2,8.29,F,7.49,F,2.28,22.62
4.45,24582,59,58.8,754.5,8.29,F,7.49,F,2.29,22.55
4.46,24641,59,58.8,754.7,8.29,F,7.49,F,2.29,22.48
4.47,24700,59,58.8,755.0,8.28,F,7.48,F,2.30,22.41
4.48,24759,59,58.8,755.3,8.28,F,7.48,F,2.30,22.33
4.49,24818,59,58.8,755.5,8.28,F,7.48,F,2.31,22.26
4.50,24876,59,58.8,755.8,8.28,F,7.48,F,2.31,22.19
4.50,24876,59,58.8,755.8,8.28,F,7.48,F,2.31,22.19
4.51,24935,59,58.8,756.1,8.28,F,7.47,F,2.32,22.12
4.52,24994,59,58.8,756.4,8.27,F,7.47,F,2.32,22.05
4.53,25053,59,58.9,756.6,8.27,F,7.47,F,2.33,21.97
4.54,25112,59,58.9,756.9,8.27,F,7.46,F,2.33,21.90
4.55,25171,59,58.9,757.2,8.27,F,7.46,F,2.34,21.83
4.56,25230,59,58.9,757.4,8.26,F,7.46,F,2.34,21.76
4.57,25289,59,58.9,757.7,8.26,F,7.45,F,2.35,21.69
4.58,25347,59,58.9,758.0,8.26,F,7.45,F,2.35,21.61
4.59,25406,59,58.9,758.2,8.26,F,7.45,F,2.36,21.54
4.60,25465,59,58.9,758.5,8.26,F,7.44,F,2.36,21.47
4.61,25524,59,58.9,758.8,8.25,F,7.44,F,2.37,21.40
4.62,25583,59,59.0,759.1,8.25,F,7.44,F,2.37,21.33
4.63,25642,59,59.0,759.3,8.25,F,7.43,F,2.38,21.25
4.64,25701,59,59.0,759.6,8.25,F,7.43,F,2.38,21.18
4.65,25760,59,59.0,759.9,8.24,F,7.43,F,2.39,21.11
4.66,25819,59,59.0,760.1,8.24,F,7.42,F,2.39,21.04
4.67,25878,59,59.0,760.4,8.24,F,7.42,F,2.40,20.97
4.68,25937,59,59.0,760.7,8.24,F,7.42,F,2.40,20.89
4.69,25996,59,59.0,760.9,8.23,F,7.41,F,2.41,20.82
4.70,26055,59,59.0,761.2,8.23,F,7.41,F,2.41,20.75
4.71,26114,59,59.0,761.5,8.23,F,7.41,F,2.42,20.68
4.72,26173,59,59.1,761.7,8.23,F,7.40,F,2.43,20.61
4.73,26232,59,59.1,762.0,8.23,F,7.40,F,2.43,20.53
4.74,26291,59,59.1,762.3,8.22,F,7.40,F,2.44,20.46
4.75,26350,59,59.1,762.6,8.22,F,7.39,F,2.44,20.39
4.76,26410,59,59.1,762.8,8.22,F,7.39,F,2.45,20.32
4.77,26469,59,59.1,763.1,8.22,F,7.39,F,2.45,20.25
4.78,26528,59,59.1,763.4,8.21,F,7.38,F,2.46,20.17
4.79,26587,59,59.1,763.6,8.21,F,7.38,F,2.46,20.10
4.80,26646,59,59.1,763.9,8.21,F,7.38,F,2.47,20.03
4.81,26705,59,59.2,764.2,8.21,F,7.37,F,2.47,19.96
4.82,26764,59,59.2,764.4,8.21,F,7.37,F,2.48,19.89
4.83,26824,59,59.2,764.7,8.20,F,7.37,F,2.48,19.81
4.84,26883,59,59.2,765.0,8.20,F,7.36,F,2.49,19.74
4.85,26942,59,59.2,765.3,8.20,F,7.36,F,2.49,19.67
4.86,27001,59,59.2,765.5,8.20,F,7.36,F,2.50,19.60
4.87,27060,59,59.2,765.8,8.19,F,7.35,F,2.50,19.53
4.88,27120,59,59.2,766.1,8.19,F,7.35,F,2.51,19.45
4.89,27179,59,59.2,766.3,8.19,F,7.35,F,2.51,19.38
4.90,27238,59,59.2,766.6,8.19,F,7.34,F,2.52,19.31
4.91,27297,59,59.3,766.9,8.19,F,7.34,F,2.52,19.24
4.92,27357,59,59.3,767.1,8.18,F,7.34,F,2.53,19.17
4.93,27416,59,59.3,767.4,8.18,F,7.33,F,2.53,19.09
4.94,27475,59,59.3,767.7,8.18,F,7.33,F,2.54,19.02
4.95,27534,59,59.3,768.0,8.18,F,7.33,F,2.54,18.95
4.96,27594,59,59.3,768.2,8.17,F,7.32,F,2.55,18.88
4.97,27653,59,59.3,768.5,8.17,F,7.32,F,2.55,18.81
4.98,27712,59,59.3,768.8,8.17,F,7.32,F,2.56,18.73
4.99,27772,59,59.3,769.0,8.17,F,7.31,F,2.56,18.66
5.00,27831,59,59.4,769.3,8.17,F,7.31,F,2.57,18.59
5.00,27831,60,59.5,769.3,8.17,F,7.31,F,2.57,18.59
5.01,27891,60,59.5,769.4,8.16,F,7.31,F,2.58,18.57
5.02,27951,60,59.5,769.6,8.16,F,7.30,F,2.58,18.55
5.03,28011,60,59.5,769.7,8.16,F,7.30,F,2.59,18.53
5.04,28071,60,59.5,769.8,8.16,F,7.29,F,2.59,18.51
5.05,28130,60,59.5,770.0,8.16,F,7.29,F,2.60,18.48
5.06,28190,60,59.5,770.1,8.15,F,7.28,F,2.60,18.46
5.07,28250,60,59.5,770.2,8.15,F,7.28,F,2.61,18.44
5.08,28310,60,59.5,770.4,8.15,F,7.27,F,2.61,18.42
5.09,28370,60,59.5,770.5,8.15,F,7.27,F,2.62,18.40
5.10,28430,60,59.5,770.6,8.15,F,7.26,F,2.62,18.38
5.11,28490,60,59.5,770.8,8.14,F,7.26,F,2.63,18.36
5.12,28550,60,59.5,770.9,8.14,F,7.25,F,2.63,18.34
5.13,28609,60,59.5,771.1,8.14,F,7.25,F,2.64,18.32
5.14,28669,60,59.5,771.2,8.14,F,7.24,F,2.64,18.29
5.15,28729,60,59.5,771.3,8.14,F,7.24,F,2.65,18.27
5.16,28789,60,59.5,771.5,8.13,F,7.23,F,2.65,18.25
5.17,28849,60,59.5,771.6,8.13,F,7.23,F,2.66,18.23
5.18,28909,60,59.5,771.7,8.13,F,7.23,F,2.66,18.21
5.19,28969,60,59.5,771.9,8.13,F,7.22,F,2.67,18.19
5.20,29028,60,59.5,772.0,8.13,F,7.22,F,2.67,18.17
5.21,29088,60,59.5,772.1,8.13,F,7.21,F,2.68,18.15
5.22,29148,60,59.5,772.3,8.12,F,7.21,F,2.68,18.13
5.23,29208,60,59.5,772.4,8.12,F,7.20,F,2.69,18.10
5.24,29268,60,59.5,772.5,8.12,F,7.20,F,2.69,18.08
5.25,29328,60,59.5,772.7,8.12,F,7.19,F,2.70,18.06
5.26,29388,60,59.5,772.8,8.12,F,7.19,F,2.70,18.04
5.27,29448,60,59.5,772.9,8.11,F,7.18,F,2.71,18.02
5.28,29507,60,59.5,773.1,8.11,F,7.18,F,2.71,18.00
5.29,29567,60,59.5,773.2,8.11,F,7.17,F,2.72,17.98
5.30,29627,60,59.5,773.3,8.11,F,7.17,F,2.72,17.96
5.31,29687,60,59.5,773.5,8.11,F,7.16,F,2.73,17.94
5.32,29747,60,59.5,773.6,8.10,F,7.16,F,2.73,17.91
5.33,29807,60,59.5,773.8,8.10,F,7.15,F,2.74,17.89
5.34,29867,60,59.5,773.9,8.10,F,7.15,F,2.74,17.87
5.35,29927,60,59.5,774.0,8.10,F,7.15,F,2.75,17.85
5.36,29986,60,59.5,774.2,8.10,F,7.14,F,2.75,17.83
5.37,30046,60,59.5,774.3,8.09,F,7.14,F,2.76,17.81
5.38,30106,60,59.5,774.4,8.09,F,7.13,F,2.76,17.79
5.39,30166,60,59.5,774.6,8.09,F,7.13,F,2.77,17.77
5.40,30226,60,59.5,774.7,8.09,F,7.12,F,2.77,17.75
5.41,30286,60,59.5,774.8,8.09,F,7.12,F,2.78,17.72
5.42,30346,60,59.5,775.0,8.09,F,7.11,F,2.78,17.70
5.43,30405,60,59.5,775.1,8.08,F,7.11,F,2.79,17.68
5.44,30465,60,59.5,775.2,8.08,F,7.10,F,2.79,17.66
5.45,30525,60,59.5,775.4,8.08,F,7.10,F,2.80,17.64
5.46,30585,60,59.5,775.5,8.08,F,7.09,F,2.80,17.62
5.47,30645,60,59.5,775.6,8.08,F,7.09,F,2.81,17.60
5.48,30705,60,59.5,775.8,8.07,F,7.08,F,2.81,17.58
5.49,30765,60,59.5,775.9,8.07,F,7.08,F,2.82,17.56
5.50,30825,60,59.5,776.0,8.07,F,7.08,F,2.82,17.53
5.50,30825,60,59.5,776.0,8.07,F,7.08,F,2.82,17.53
5.51,30884,60,59.5,776.2,8.07,F,7.07,F,2.83,17.51
5.52,30944,60,59.5,776.3,8.07,F,7.07,F,2.84,17.49
5.53,31004,60,59.5,776.5,8.06,F,7.06,F,2.84,17.47
5.54,31064,60,59.5,776.6,8.06,F,7.06,F,2.85,17.45
5.55,31124,60,59.5,776.7,8.06,F,7.05,F,2.85,17.43
5.56,31184,60,59.5,776.9,8.06,F,7.05,F,2.86,17.41
5.57,31244,60,59.5,777.0,8.06,F,7.04,F,2.86,17.39
5.58,31304,60,59.5,777.1,8.05,F,7.04,F,2.87,17.37
5.59,31363,60,59.5,777.3,8.05,F,7.03,F,2.87,17.35
5.60,31423,60,59.5,777.4,8.05,F,7.03,F,2.88,17.32
5.61,31483,60,59.5,777.5,8.05,F,7.02,F,2.88,17.30
5.62,31543,60,59.5,777.7,8.05,F,7.02,F,2.89,17.28
5.63,31603,60,59.5,777.8,8.05,F,7.01,F,2.89,17.26
5.64,31663,60,59.5,777.9,8.04,F,7.01,F,2.90,17.24
5.65,31723,60,59.5,778.1,8.04,F,7.00,F,2.90,17.22
5.66,31782,60,59.5,778.2,8.04,F,7.00,F,2.91,17.20
5.67,31842,60,59.5,778.3,8.04,F,7.00,F,2.91,17.18
5.68,31902,60,59.5,778.5,8.04,F,6.99,F,2.92,17.16
5.69,31962,60,59.5,778.6,8.03,F,6.99,F,2.92,17.13
5.70,32022,60,59.5,778.7,8.03,F,6.98,F,2.93,17.11
5.71,32082,60,59.5,778.9,8.03,F,6.98,F,2.93,17.09
5.72,32142,60,59.5,779.0,8.03,F,6.97,F,2.94,17.07
5.73,32202,60,59.5,779.2,8.03,F,6.97,F,2.94,17.05
5.74,32261,60,59.5,779.3,8.02,F,6.96,F,2.95,17.03
5.75,32321,60,59.5,779.4,8.02,F,6.96,F,2.95,17.01
5.76,32381,60,59.5,779.6,8.02,F,6.95,F,2.96,16.99
5.77,32441,60,59.5,779.7,8.02,F,6.95,F,2.96,16.97
5.78,32501,60,59.5,779.8,8.02,F,6.94,F,2.97,16.94
5.79,32561,60,59.5,780.0,8.01,F,6.94,F,2.97,16.92
5.80,32621,60,59.5,780.1,8.01,F,6.93,F,2.98,16.90
5.81,32681,60,59.5,780.2,8.01,F,6.93,F,2.98,16.88
5.82,32740,60,59.5,780.4,8.01,F,6.92,F,2.99,16.86
5.83,32800,60,59.5,780.5,8.01,F,6.92,F,2.99,16.84
5.84,32860,60,59.5,780.6,8.01,F,6.92,F,3.00,16.82
5.85,32920,60,59.5,780.8,8.00,F,6.91,F,3.00,16.80
5.86,32980,60,59.5,780.9,8.00,F,6.91,F,3.01,16.78
5.87,33040,60,59.5,781.0,8.00,F,6.90,F,3.01,16.75
5.88,33100,60,59.5,781.2,8.00,F,6.90,F,3.02,16.73
5.89,33160,60,59.5,781.3,8.00,F,6.89,F,3.02,16.71
5.90,33219,60,59.5,781.4,7.99,F,6.89,F,3.03,16.69
5.91,33279,60,59.5,781.6,7.99,F,6.88,F,3.03,16.67
5.92,33339,60,59.5,781.7,7.99,F,6.88,F,3.04,16.65
5.93,33399,60,59.5,781.9,7.99,F,6.87,F,3.04,16.63
5.94,33459,60,59.5,782.0,7.99,F,6.87,F,3.05,16.61
5.95,33519,60,59.5,782.1,7.98,F,6.86,F,3.05,16.59
5.96,33579,60,59.5,782.3,7.98,F,6.86,F,3.06,16.56
5.97,33638,60,59.5,782.4,7.98,F,6.85,F,3.06,16.54
5.98,33698,60,59.5,782.5,7.98,F,6.85,F,3.07,16.52
5.99,33758,60,59.5,782.7,7.98,F,6.84,F,3.07,16.50
6.00,33818,60,59.5,782.8,7.98,F,6.84,F,3.08,16.48
6.00,33818,60,59.5,782.8,7.98,F,6.84,F,3.08,16.48
6.01,33878,60,59.5,783.0,7.98,F,6.83,F,3.09,16.47
6.02,33937,60,59.5,783.2,7.97,F,6.82,F,3.09,16.46
6.03,33997,60,59.5,783.4,7.97,F,6.81,F,3.10,16.45
6.04,34056,60,59.5,783.6,7.97,F,6.80,F,3.10,16.44
6.05,34116,60,59.5,783.8,7.97,F,6.79,F,3.11,16.43
6.06,34175,60,59.5,784.0,7.96,F,6.78,F,3.11,16.42
6.07,34235,60,59.5,784.2,7.96,F,6.77,F,3.12,16.41
6.08,34294,60,59.5,784.4,7.96,F,6.76,F,3.12,16.41
6.09,34354,60,59.6,784.7,7.96,F,6.75,F,3.13,16.40
6.10,34413,60,59.6,784.9,7.95,F,6.74,F,3.13,16.39
6.11,34473,60,59.6,785.1,7.95,F,6.73,F,3.14,16.38
6.12,34532,60,59.6,785.3,7.95,F,6.73,F,3.14,16.37
6.13,34592,60,59.6,785.5,7.94,F,6.72,F,3.15,16.36
6.14,34652,60,59.6,785.7,7.94,F,6.71,F,3.15,16.35
6.15,34711,60,59.6,785.9,7.94,F,6.70,F,3.16,16.34
6.16,34771,60,59.6,786.1,7.94,F,6.69,F,3.16,16.33
6.17,34830,60,59.6,786.3,7.93,F,6.68,F,3.17,16.32
6.18,34890,60,59.6,786.5,7.93,F,6.67,F,3.17,16.31
6.19,34950,60,59.6,786.7,7.93,F,6.66,F,3.18,16.30
6.20,35009,60,59.6,786.9,7.93,F,6.65,F,3.18,16.29
6.21,35069,60,59.6,787.1,7.92,F,6.64,F,3.19,16.28
6.22,35128,60,59.6,787.3,7.92,F,6.63,F,3.19,16.28
6.23,35188,60,59.6,787.5,7.92,F,6.62,F,3.20,16.27
6.24,35248,60,59.6,787.7,7.92,F,6.61,F,3.20,16.26
6.25,35307,60,59.6,787.9,7.91,F,6.60,F,3.21,16.25
6.26,35367,60,59.6,788.1,7.91,F,6.59,F,3.21,16.24
6.27,35427,60,59.7,788.4,7.91,F,6.58,F,3.22,16.23
6.28,35486,60,59.7,788.6,7.90,F,6.57,F,3.22,16.22
6.29,35546,60,59.7,788.8,7.90,F,6.56,F,3.23,16.21
6.30,35606,60,59.7,789.0,7.90,F,6.55,F,3.23,16.20
6.31,35665,60,59.7,789.2,7.90,F,6.54,F,3.24,16.19
6.32,35725,60,59.7,789.4,7.89,F,6.53,F,3.24,16.18
6.33,35785,60,59.7,789.6,7.89,F,6.52,F,3.25,16.17
6.34,35844,60,59.7,789.8,7.89,F,6.51,F,3.25,16.16
6.35,35904,60,59.7,790.0,7.89,F,6.51,F,3.26,16.15
6.36,35964,60,59.7,790.2,7.88,F,6.50,F,3.26,16.15
6.37,36023,60,59.7,790.4,7.88,F,6.49,F,3.27,16.14
6.38,36083,60,59.7,790.6,7.88,F,6.48,F,3.28,16.13
6.39,36143,60,59.7,790.8,7.87,F,6.47,F,3.28,16.12
6.40,36203,60,59.7,791.0,7.87,F,6.46,F,3.29,16.11
6.41,36262,60,59.7,791.2,7.87,F,6.45,F,3.29,16.10
6.42,36322,60,59.7,791.4,7.87,F,6.44,F,3.30,16.09
6.43,36382,60,59.7,791.6,7.86,F,6.43,F,3.30,16.08
6.44,36442,60,59.7,791.8,7.86,F,6.42,F,3.31,16.07
6.45,36501,60,59.8,792.1,7.86,F,6.41,F,3.31,16.06
6.46,36561,60,59.8,792.3,7.86,F,6.40,F,3.32,16.05
6.47,36621,60,59.8,792.5,7.85,F,6.39,F,3.32,16.04
6.48,36681,60,59.8,792.7,7.85,F,6.38,F,3.33,16.03
6.49,36740,60,59.8,792.9,7.85,F,6.37,F,3.33,16.02
6.50,36800,60,59.8,793.1,7.85,F,6.36,F,3.34,16.02
6.50,36795,60,59.7,793.1,7.85,F,6.36,F,3.34,16.02
6.51,36860,60,59.8,793.3,7.84,F,6.35,F,3.34,16.01
6.52,36920,60,59.8,793.5,7.84,F,6.34,F,3.35,16.00
6.53,36980,60,59.8,793.7,7.84,F,6.33,F,3.35,15.99
6.54,37039,60,59.8,793.9,7.83,F,6.32,F,3.36,15.98
6.55,37099,60,59.8,794.1,7.83,F,6.31,F,3.36,15.97
6.56,37159,60,59.8,794.3,7.83,F,6.30,F,3.37,15.96
6.57,37219,60,59.8,794.5,7.83,F,6.29,F,3.37,15.95
6.58,37279,60,59.8,794.7,7.82,F,6.29,F,3.38,15.94
6.59,37338,60,59.8,794.9,7.82,F,6.28,F,3.38,15.93
6.60,37398,60,59.8,795.1,7.82,F,6.27,F,3.39,15.92
6.61,37458,60,59.8,795.3,7.82,F,6.26,F,3.39,15.91
6.62,37518,60,59.8,795.6,7.81,F,6.25,F,3.40,15.90
6.63,37578,60,59.9,795.8,7.81,F,6.24,F,3.40,15.89
6.64,37638,60,59.9,796.0,7.81,F,6.23,F,3.41,15.88
6.65,37698,60,59.9,796.2,7.80,F,6.22,F,3.41,15.88
6.66,37757,60,59.9,796.4,7.80,F,6.21,F,3.42,15.87
6.67,37817,60,59.9,796.6,7.80,F,6.20,F,3.42,15.86
6.68,37877,60,59.9,796.8,7.80,F,6.19,F,3.43,15.85
6.69,37937,60,59.9,797.0,7.79,F,6.18,F,3.43,15.84
6.70,37997,60,59.9,797.2,7.79,F,6.17,F,3.44,15.83
6.71,38057,60,59.9,797.4,7.79,F,6.16,F,3.44,15.82
6.72,38117,60,59.9,797.6,7.79,F,6.15,F,3.45,15.81
6.73,38177,60,59.9,797.8,7.78,F,6.14,F,3.45,15.80
6.74,38237,60,59.9,798.0,7.78,F,6.13,F,3.46,15.79
6.75,38297,60,59.9,798.2,7.78,F,6.12,F,3.46,15.78
6.76,38356,60,59.9,798.4,7.77,F,6.11,F,3.47,15.77
6.77,38416,60,59.9,798.6,7.77,F,6.10,F,3.48,15.76
6.78,38476,60,59.9,798.8,7.77,F,6.09,F,3.48,15.75
6.79,38536,60,59.9,799.0,7.77,F,6.08,F,3.49,15.75
6.80,38596,60,60.0,799.3,7.76,F,6.07,F,3.49,15.74
6.81,38656,60,60.0,799.5,7.76,F,6.07,F,3.50,15.73
6.82,38716,60,60.0,799.7,7.76,F,6.06,F,3.50,15.72
6.83,38776,60,60.0,799.9,7.76,F,6.05,F,3.51,15.71
6.84,38836,60,60.0,800.1,7.75,F,6.04,F,3.51,15.70
6.85,38896,60,60.0,800.3,7.75,F,6.03,F,3.52,15.69
6.86,38956,60,60.0,800.5,7.75,F,6.02,F,3.52,15.68
6.87,39016,60,60.0,800.7,7.75,F,6.01,F,3.53,15.67
6.88,39076,60,60.0,800.9,7.74,F,6.00,F,3.53,15.66
6.89,39136,60,60.0,801.1,7.74,F,5.99,F,3.54,15.65
6.90,39196,60,60.0,801.3,7.74,F,5.98,F,3.54,15.64
6.91,39256,60,60.0,801.5,7.73,F,5.97,F,3.55,15.63
6.92,39316,60,60.0,801.7,7.73,F,5.96,F,3.55,15.62
6.93,39376,60,60.0,801.9,7.73,F,5.95,F,3.56,15.62
6.94,39436,60,60.0,802.1,7.73,F,5.94,F,3.56,15.61
6.95,39496,60,60.0,802.3,7.72,F,5.93,F,3.57,15.60
6.96,39556,60,60.0,802.5,7.72,F,5.92,F,3.57,15.59
6.97,39616,60,60.0,802.7,7.72,F,5.91,F,3.58,15.58
6.98,39676,60,60.1,803.0,7.72,F,5.90,F,3.58,15.57
6.99,39736,60,60.1,803.2,7.71,F,5.89,F,3.59,15.56
7.00,39796,60,60.1,803.4,7.71,F,5.88,F,3.59,15.55
7.00,39786,60,60.0,803.4,7.71,F,5.88,F,3.59,15.55
7.01,39857,60,60.1,803.6,7.71,F,5.87,F,3.60,15.54
7.02,39917,60,60.1,803.8,7.70,F,5.86,F,3.60,15.53
7.03,39977,60,60.1,804.0,7.70,F,5.85,F,3.61,15.52
7.04,40037,60,60.1,804.2,7.70,F,5.85,F,3.61,15.51
7.05,40097,60,60.1,804.4,7.70,F,5.84,F,3.62,15.50
7.06,40157,60,60.1,804.6,7.69,F,5.83,F,3.62,15.49
7.07,40217,60,60.1,804.8,7.69,F,5.82,F,3.63,15.48
7.08,40277,60,60.1,805.0,7.69,F,5.81,F,3.63,15.48
7.09,40337,60,60.1,805.2,7.69,F,5.80,F,3.64,15.47
7.10,40397,60,60.1,805.4,7.68,F,5.79,F,3.64,15.46
7.11,40457,60,60.1,805.6,7.68,F,5.78,F,3.65,15.45
7.12,40518,60,60.1,805.8,7.68,F,5.77,F,3.65,15.44
7.13,40578,60,60.1,806.0,7.67,F,5.76,F,3.66,15.43
7.14,40638,60,60.1,806.2,7.67,F,5.75,F,3.67,15.42
7.15,40698,60,60.1,806.5,7.67,F,5.74,F,3.67,15.41
7.16,40758,60,60.2,806.7,7.67,F,5.73,F,3.68,15.40
7.17,40818,60,60.2,806.9,7.66,F,5.72,F,3.68,15.39
7.18,40879,60,60.2,807.1,7.66,F,5.71,F,3.69,15.38
7.19,40939,60,60.2,807.3,7.66,F,5.70,F,3.69,15.37
7.20,40999,60,60.2,807.5,7.66,F,5.69,F,3.70,15.36
7.21,41059,60,60.2,807.7,7.65,F,5.68,F,3.70,15.35
7.22,41119,60,60.2,807.9,7.65,F,5.67,F,3.71,15.35
7.23,41179,60,60.2,808.1,7.65,F,5.66,F,3.71,15.34
7.24,41240,60,60.2,808.3,7.65,F,5.65,F,3.72,15.33
7.25,41300,60,60.2,808.5,7.64,F,5.64,F,3.72,15.32
7.26,41360,60,60.2,808.7,7.64,F,5.63,F,3.73,15.31
7.27,41420,60,60.2,808.9,7.64,F,5.63,F,3.73,15.30
7.28,41480,60,60.2,809.1,7.63,F,5.62,F,3.74,15.29
7.29,41541,60,60.2,809.3,7.63,F,5.61,F,3.74,15.28
7.30,41601,60,60.2,809.5,7.63,F,5.60,F,3.75,15.27
7.31,41661,60,60.2,809.7,7.63,F,5.59,F,3.75,15.26
7.32,41721,60,60.2,809.9,7.62,F,5.58,F,3.76,15.25
7.33,41782,60,60.2,810.2,7.62,F,5.57,F,3.76,15.24
7.34,41842,60,60.3,810.4,7.62,F,5.56,F,3.77,15.23
7.35,41902,60,60.3,810.6,7.62,F,5.55,F,3.77,15.22
7.36,41962,60,60.3,810.8,7.61,F,5.54,F,3.78,15.22
7.37,42023,60,60.3,811.0,7.61,F,5.53,F,3.78,15.21
7.38,42083,60,60.3,811.2,7.61,F,5.52,F,3.79,15.20
7.39,42143,60,60.3,811.4,7.60,F,5.51,F,3.79,15.19
7.40,42204,60,60.3,811.6,7.60,F,5.50,F,3.80,15.18
7.41,42264,60,60.3,811.8,7.60,F,5.49,F,3.80,15.17
7.42,42324,60,60.3,812.0,7.60,F,5.48,F,3.81,15.16
7.43,42384,60,60.3,812.2,7.59,F,5.47,F,3.81,15.15
7.44,42445,60,60.3,812.4,7.59,F,5.46,F,3.82,15.14
7.45,42505,60,60.3,812.6,7.59,F,5.45,F,3.82,15.13
7.46,42565,60,60.3,812.8,7.59,F,5.44,F,3.83,15.12
7.47,42626,60,60.3,813.0,7.58,F,5.43,F,3.83,15.11
7.48,42686,60,60.3,813.2,7.58,F,5.42,F,3.84,15.10
7.49,42746,60,60.3,813.4,7.58,F,5.41,F,3.84,15.09
7.50,42807,60,60.3,813.6,7.58,F,5.41,F,3.85,15.09
7.50,42792,60,60.2,813.6,7.58,F,5.41,F,3.85,15.09
7.51,42867,60,60.4,813.9,7.57,F,5.40,F,3.86,15.08
7.52,42927,60,60.4,814.1,7.57,F,5.39,F,3.86,15.07
7.53,42988,60,60.4,814.3,7.57,F,5.38,F,3.87,15.06
7.54,43048,60,60.4,814.5,7.56,F,5.37,F,3.87,15.05
7.55,43109,60,60.4,814.7,7.56,F,5.36,F,3.88,15.04
7.56,43169,60,60.4,814.9,7.56,F,5.35,F,3.88,15.03
7.57,43229,60,60.4,815.1,7.56,F,5.34,F,3.89,15.02
7.58,43290,60,60.4,815.3,7.55,F,5.33,F,3.89,15.01
7.59,43350,60,60.4,815.5,7.55,F,5.32,F,3.90,15.00
7.60,43411,60,60.4,815.7,7.55,F,5.31,F,3.90,14.99
7.61,43471,60,60.4,815.9,7.55,F,5.30,F,3.91,14.98
7.62,43531,60,60.4,816.1,7.54,F,5.29,F,3.91,14.97
7.63,43592,60,60.4,816.3,7.54,F,5.28,F,3.92,14.96
7.64,43652,60,60.4,816.5,7.54,F,5.27,F,3.92,14.95
7.65,43713,60,60.4,816.7,7.53,F,5.26,F,3.93,14.95
7.66,43773,60,60.4,816.9,7.53,F,5.25,F,3.93,14.94
7.67,43833,60,60.4,817.1,7.53,F,5.24,F,3.94,14.93
7.68,43894,60,60.4,817.4,7.53,F,5.23,F,3.94,14.92
7.69,43954,60,60.5,817.6,7.52,F,5.22,F,3.95,14.91
7.70,44015,60,60.5,817.8,7.52,F,5.21,F,3.95,14.90
7.71,44075,60,60.5,818.0,7.52,F,5.20,F,3.96,14.89
7.72,44136,60,60.5,818.2,7.52,F,5.19,F,3.96,14.88
7.73,44196,60,60.5,818.4,7.51,F,5.18,F,3.97,14.87
7.74,44257,60,60.5,818.6,7.51,F,5.18,F,3.97,14.86
7.75,44317,60,60.5,818.8,7.51,F,5.17,F,3.98,14.85
7.76,44378,60,60.5,819.0,7.50,F,5.16,F,3.98,14.84
7.77,44438,60,60.5,819.2,7.50,F,5.15,F,3.99,14.83
7.78,44499,61,60.5,819.4,7.50,F,5.14,F,3.99,14.82
7.79,44559,61,60.5,819.6,7.50,F,5.13,F,4.00,14.82
7.80,44620,61,60.5,819.8,7.49,F,5.12,F,4.00,14.81
7.81,44680,61,60.5,820.0,7.49,F,5.11,F,4.01,14.80
7.82,44741,61,60.5,820.2,7.49,F,5.10,F,4.01,14.79
7.83,44801,61,60.5,820.4,7.49,F,5.09,F,4.02,14.78
7.84,44862,61,60.5,820.6,7.48,F,5.08,F,4.02,14.77
7.85,44922,61,60.5,820.8,7.48,F,5.07,F,4.03,14.76
7.86,44983,61,60.5,821.1,7.48,F,5.06,F,4.03,14.75
7.87,45043,61,60.6,821.3,7.48,F,5.05,F,4.04,14.74
7.88,45104,61,60.6,821.5,7.47,F,5.04,F,4.05,14.73
7.89,45165,61,60.6,821.7,7.47,F,5.03,F,4.05,14.72
7.90,45225,61,60.6,821.9,7.47,F,5.02,F,4.06,14.71
7.91,45286,61,60.6,822.1,7.46,F,5.01,F,4.06,14.70
7.92,45346,61,60.6,822.3,7.46,F,5.00,F,4.07,14.69
7.93,45407,61,60.6,822.5,7.46,F,4.99,F,4.07,14.69
7.94,45467,61,60.6,822.7,7.46,F,4.98,F,4.08,14.68
7.95,45528,61,60.6,822.9,7.45,F,4.97,F,4.08,14.67
7.96,45589,61,60.6,823.1,7.45,F,4.96,F,4.09,14.66
7.97,45649,61,60.6,823.3,7.45,F,4.96,F,4.09,14.65
7.98,45710,61,60.6,823.5,7.45,F,4.95,F,4.10,14.64
7.99,45771,61,60.6,823.7,7.44,F,4.94,F,4.10,14.63
8.00,45831,61,60.6,823.9,7.44,F,4.93,F,4.11,14.62
8.00,45811,61,60.5,823.9,7.44,F,4.93,F,4.11,14.62
8.01,45892,61,60.6,824.1,7.44,F,4.92,F,4.11,14.61
8.02,45952,61,60.6,824.3,7.43,F,4.91,F,4.12,14.60
8.03,46013,61,60.6,824.6,7.43,F,4.90,F,4.12,14.59
8.04,46074,61,60.6,824.8,7.43,F,4.89,F,4.13,14.58
8.05,46134,61,60.7,825.0,7.43,F,4.88,F,4.13,14.57
8.06,46195,61,60.7,825.2,7.42,F,4.87,F,4.14,14.56
8.07,46256,61,60.7,825.4,7.42,F,4.86,F,4.14,14.55
8.08,46316,61,60.7,825.6,7.42,F,4.85,F,4.15,14.55
8.09,46377,61,60.7,825.8,7.42,F,4.84,F,4.15,14.54
8.10,46438,61,60.7,826.0,7.41,F,4.83,F,4.16,14.53
8.11,46498,61,60.7,826.2,7.41,F,4.82,F,4.16,14.52
8.12,46559,61,60.7,826.4,7.41,F,4.81,F,4.17,14.51
8.13,46620,61,60.7,826.6,7.40,F,4.80,F,4.17,14.50
8.14,46681,61,60.7,826.8,7.40,F,4.79,F,4.18,14.49
8.15,46741,61,60.7,827.0,7.40,F,4.78,F,4.18,14.48
8.16,46802,61,60.7,827.2,7.40,F,4.77,F,4.19,14.47
8.17,46863,61,60.7,827.4,7.39,F,4.76,F,4.19,14.46
8.18,46923,61,60.7,827.6,7.39,F,4.75,F,4.20,14.45
8.19,46984,61,60.7,827.8,7.39,F,4.74,F,4.20,14.44
8.20,47045,61,60.7,828.0,7.39,F,4.74,F,4.21,14.43
8.21,47106,61,60.7,828.3,7.38,F,4.73,F,4.21,14.42
8.22,47166,61,60.7,828.5,7.38,F,4.72,F,4.22,14.42
8.23,47227,61,60.8,828.7,7.38,F,4.71,F,4.22,14.41
8.24,47288,61,60.8,828.9,7.38,F,4.70,F,4.23,14.40
8.25,47349,61,60.8,829.1,7.37,F,4.69,F,4.23,14.39
8.26,47409,61,60.8,829.3,7.37,F,4.68,F,4.24,14.38
8.27,47470,61,60.8,829.5,7.37,F,4.67,F,4.25,14.37
8.28,47531,61,60.8,829.7,7.36,F,4.66,F,4.25,14.36
8.29,47592,61,60.8,829.9,7.36,F,4.65,F,4.26,14.35
8.30,47653,61,60.8,830.1,7.36,F,4.64,F,4.26,14.34
8.31,47713,61,60.8,830.3,7.36,F,4.63,F,4.27,14.33
8.32,47774,61,60.8,830.5,7.35,F,4.62,F,4.27,14.32
8.33,47835,61,60.8,830.7,7.35,F,4.61,F,4.28,14.31
8.34,47896,61,60.8,830.9,7.35,F,4.60,F,4.28,14.30
8.35,47957,61,60.8,831.1,7.35,F,4.59,F,4.29,14.29
8.36,48017,61,60.8,831.3,7.34,F,4.58,F,4.29,14.29
8.37,48078,61,60.8,831.5,7.34,F,4.57,F,4.30,14.28
8.38,48139,61,60.8,831.7,7.34,F,4.56,F,4.30,14.27
8.39,48200,61,60.8,832.0,7.33,F,4.55,F,4.31,14.26
8.40,48261,61,60.9,832.2,7.33,F,4.54,F,4.31,14.25
8.41,48322,61,60.9,832.4,7.33,F,4.53,F,4.32,14.24
8.42,48383,61,60.9,832.6,7.33,F,4.52,F,4.32,14.23
8.43,48443,61,60.9,832.8,7.32,F,4.52,F,4.33,14.22
8.44,48504,61,60.9,833.0,7.32,F,4.51,F,4.33,14.21
8.45,48565,61,60.9,833.2,7.32,F,4.50,F,4.34,14.20
8.46,48626,61,60.9,833.4,7.32,F,4.49,F,4.34,14.19
8.47,48687,61,60.9,833.6,7.31,F,4.48,F,4.35,14.18
8.48,48748,61,60.9,833.8,7.31,F,4.47,F,4.35,14.17
8.49,48809,61,60.9,834.0,7.31,F,4.46,F,4.36,14.16
8.50,48870,61,60.9,834.2,7.31,F,4.45,F,4.36,14.16
8.50,48845,61,60.8,834.2,7.31,F,4.45,F,4.36,14.16
8.51,48931,61,60.9,834.4,7.30,F,4.44,F,4.37,14.15
8.52,48991,61,60.9,834.6,7.30,F,4.43,F,4.37,14.14
8.53,49052,61,60.9,834.8,7.30,F,4.42,F,4.38,14.13
8.54,49113,61,60.9,835.0,7.29,F,4.41,F,4.38,14.12
8.55,49174,61,60.9,835.2,7.29,F,4.40,F,4.39,14.11
8.56,49235,61,60.9,835.5,7.29,F,4.39,F,4.39,14.10
8.57,49296,61,60.9,835.7,7.29,F,4.38,F,4.40,14.09
8.58,49357,61,61.0,835.9,7.28,F,4.37,F,4.40,14.08
8.59,49418,61,61.0,836.1,7.28,F,4.36,F,4.41,14.07
8.60,49479,61,61.0,836.3,7.28,F,4.35,F,4.41,14.06
8.61,49540,61,61.0,836.5,7.28,F,4.34,F,4.42,14.05
8.62,49601,61,61.0,836.7,7.27,F,4.33,F,4.42,14.04
8.63,49662,61,61.0,836.9,7.27,F,4.32,F,4.43,14.03
8.64,49723,61,61.0,837.1,7.27,F,4.31,F,4.44,14.02
8.65,49784,61,61.0,837.3,7.26,F,4.30,F,4.44,14.02
8.66,49845,61,61.0,837.5,7.26,F,4.30,F,4.45,14.01
8.67,49906,61,61.0,837.7,7.26,F,4.29,F,4.45,14.00
8.68,49967,61,61.0,837.9,7.26,F,4.28,F,4.46,13.99
8.69,50028,61,61.0,838.1,7.25,F,4.27,F,4.46,13.98
8.70,50089,61,61.0,838.3,7.25,F,4.26,F,4.47,13.97
8.71,50150,61,61.0,838.5,7.25,F,4.25,F,4.47,13.96
8.72,50211,61,61.0,838.7,7.25,F,4.24,F,4.48,13.95
8.73,50272,61,61.0,838.9,7.24,F,4.23,F,4.48,13.94
8.74,50333,61,61.0,839.2,7.24,F,4.22,F,4.49,13.93
8.75,50394,61,61.0,839.4,7.24,F,4.21,F,4.49,13.92
8.76,50455,61,61.1,839.6,7.23,F,4.20,F,4.50,13.91
8.77,50516,61,61.1,839.8,7.23,F,4.19,F,4.50,13.90
8.78,50577,61,61.1,840.0,7.23,F,4.18,F,4.51,13.89
8.79,50638,61,61.1,840.2,7.23,F,4.17,F,4.51,13.89
8.80,50699,61,61.1,840.4,7.22,F,4.16,F,4.52,13.88
8.81,50761,61,61.1,840.6,7.22,F,4.15,F,4.52,13.87
8.82,50822,61,61.1,840.8,7.22,F,4.14,F,4.53,13.86
8.83,50883,61,61.1,841.0,7.22,F,4.13,F,4.53,13.85
8.84,50944,61,61.1,841.2,7.21,F,4.12,F,4.54,13.84
8.85,51005,61,61.1,841.4,7.21,F,4.11,F,4.54,13.83
8.86,51066,61,61.1,841.6,7.21,F,4.10,F,4.55,13.82
8.87,51127,61,61.1,841.8,7.21,F,4.09,F,4.55,13.81
8.88,51188,61,61.1,842.0,7.20,F,4.08,F,4.56,13.80
8.89,51249,61,61.1,842.2,7.20,F,4.08,F,4.56,13.79
8.90,51311,61,61.1,842.4,7.20,F,4.07,F,4.57,13.78
8.91,51372,61,61.1,842.6,7.19,F,4.06,F,4.57,13.77
8.92,51433,61,61.1,842.9,7.19,F,4.05,F,4.58,13.76
8.93,51494,61,61.1,843.1,7.19,F,4.04,F,4.58,13.76
8.94,51555,61,61.2,843.3,7.19,F,4.03,F,4.59,13.75
8.95,51616,61,61.2,843.5,7.18,F,4.02,F,4.59,13.74
8.96,51677,61,61.2,843.7,7.18,F,4.01,F,4.60,13.73
8.97,51739,61,61.2,843.9,7.18,F,4.00,F,4.60,13.72
8.98,51800,61,61.2,844.1,7.18,F,3.99,F,4.61,13.71
8.99,51861,61,61.2,844.3,7.17,F,3.98,F,4.61,13.70
9.00,51922,61,61.2,844.5,7.17,F,3.97,F,4.62,13.69
9.00,51892,61,61.1,844.5,7.17,F,3.97,F,4.62,13.69
9.01,51985,62,61.2,844.9,7.17,F,3.96,F,4.63,13.69
9.02,52047,62,61.2,845.2,7.16,F,3.94,F,4.63,13.69
9.03,52110,62,61.2,845.6,7.16,F,3.93,F,4.64,13.68
9.04,52172,62,61.2,846.0,7.15,F,3.92,F,4.64,13.68
9.05,52235,62,61.2,846.3,7.15,F,3.90,F,4.65,13.68
9.06,52297,62,61.2,846.7,7.14,F,3.89,F,4.65,13.68
9.07,52360,62,61.2,847.1,7.14,F,3.87,F,4.66,13.68
9.08,52422,62,61.3,847.5,7.13,F,3.86,F,4.66,13.68
9.09,52485,62,61.3,847.8,7.13,F,3.85,F,4.67,13.67
9.10,52547,62,61.3,848.2,7.12,F,3.83,F,4.67,13.67
9.11,52610,62,61.3,848.6,7.12,F,3.82,F,4.68,13.67
9.12,52672,62,61.3,848.9,7.11,F,3.81,F,4.68,13.67
9.13,52734,62,61.3,849.3,7.11,F,3.79,F,4.69,13.67
9.14,52797,62,61.3,849.7,7.10,F,3.78,F,4.69,13.66
9.15,52859,62,61.3,850.0,7.10,F,3.77,F,4.70,13.66
9.16,52922,62,61.3,850.4,7.09,F,3.75,F,4.70,13.66
9.17,52984,62,61.3,850.8,7.09,F,3.74,F,4.71,13.66
9.18,53047,62,61.3,851.2,7.08,F,3.73,F,4.71,13.66
9.19,53109,62,61.4,851.5,7.08,F,3.71,F,4.72,13.66
9.20,53172,62,61.4,851.9,7.07,F,3.70,F,4.72,13.65
9.21,53234,62,61.4,852.3,7.07,F,3.68,F,4.73,13.65
9.22,53297,62,61.4,852.6,7.07,F,3.67,F,4.73,13.65
9.23,53359,62,61.4,853.0,7.06,F,3.66,F,4.74,13.65
9.24,53422,62,61.4,853.4,7.06,F,3.64,F,4.74,13.65
9.25,53484,62,61.4,853.7,7.05,F,3.63,F,4.75,13.65
9.26,53547,62,61.4,854.1,7.05,F,3.62,F,4.75,13.64
9.27,53609,62,61.4,854.5,7.04,F,3.60,F,4.76,13.64
9.28,53672,62,61.4,854.9,7.04,F,3.59,F,4.76,13.64
9.29,53734,62,61.4,855.2,7.03,F,3.58,F,4.77,13.64
9.30,53797,62,61.4,855.6,7.03,F,3.56,F,4.77,13.64
9.31,53859,62,61.5,856.0,7.02,F,3.55,F,4.78,13.63
9.32,53922,62,61.5,856.3,7.02,F,3.53,F,4.78,13.63
9.33,53984,62,61.5,856.7,7.01,F,3.52,F,4.79,13.63
9.34,54047,62,61.5,857.1,7.01,F,3.51,F,4.79,13.63
9.35,54109,62,61.5,857.4,7.00,F,3.49,F,4.80,13.63
9.36,54172,62,61.5,857.8,7.00,F,3.48,F,4.80,13.63
9.37,54234,62,61.5,858.2,6.99,F,3.47,F,4.81,13.62
9.38,54297,62,61.5,858.6,6.99,F,3.45,F,4.82,13.62
9.39,54359,62,61.5,858.9,6.98,F,3.44,F,4.82,13.62
9.40,54422,62,61.5,859.3,6.98,F,3.43,F,4.83,13.62
9.41,54484,62,61.5,859.7,6.97,F,3.41,F,4.83,13.62
9.42,54546,62,61.6,860.0,6.97,F,3.40,F,4.84,13.61
9.43,54609,62,61.6,860.4,6.97,F,3.39,F,4.84,13.61
9.44,54671,62,61.6,860.8,6.96,F,3.37,F,4.85,13.61
9.45,54734,62,61.6,861.1,6.96,F,3.36,F,4.85,13.61
9.46,54796,62,61.6,861.5,6.95,F,3.34,F,4.86,13.61
9.47,54859,62,61.6,861.9,6.95,F,3.33,F,4.86,13.61
9.48,54921,62,61.6,862.3,6.94,F,3.32,F,4.87,13.60
9.49,54984,62,61.6,862.6,6.94,F,3.30,F,4.87,13.60
9.50,55046,62,61.6,863.0,6.93,F,3.29,F,4.88,13.60
9.50,55016,62,61.5,863.0,6.93,F,3.29,F,4.88,13.60
9.51,55109,62,61.6,863.4,6.93,F,3.28,F,4.88,13.60
9.52,55171,62,61.6,863.7,6.92,F,3.26,F,4.89,13.60
9.53,55234,62,61.6,864.1,6.92,F,3.25,F,4.89,13.59
9.54,55296,62,61.7,864.5,6.91,F,3.24,F,4.90,13.59
9.55,55359,62,61.7,864.8,6.91,F,3.22,F,4.90,13.59
9.56,55421,62,61.7,865.2,6.90,F,3.21,F,4.91,13.59
9.57,55484,62,61.7,865.6,6.90,F,3.20,F,4.91,13.59
9.58,55546,62,61.7,866.0,6.89,F,3.18,F,4.92,13.59
9.59,55609,62,61.7,866.3,6.89,F,3.17,F,4.92,13.58
9.60,55671,62,61.7,866.7,6.88,F,3.15,F,4.93,13.58
9.61,55734,62,61.7,867.1,6.88,F,3.14,F,4.93,13.58
9.62,55796,62,61.7,867.4,6.87,F,3.13,F,4.94,13.58
9.63,55859,62,61.7,867.8,6.87,F,3.11,F,4.94,13.58
9.64,55921,62,61.7,868.2,6.86,F,3.10,F,4.95,13.57
9.65,55984,62,61.8,868.5,6.86,F,3.09,F,4.95,13.57
9.66,56046,62,61.8,868.9,6.86,F,3.07,F,4.96,13.57
9.67,56109,62,61.8,869.3,6.85,F,3.06,F,4.96,13.57
9.68,56171,62,61.8,869.7,6.85,F,3.05,F,4.97,13.57
9.69,56234,62,61.8,870.0,6.84,F,3.03,F,4.97,13.57
9.70,56296,62,61.8,870.4,6.84,F,3.02,F,4.98,13.56
9.71,56359,62,61.8,870.8,6.83,F,3.00,F,4.98,13.56
9.72,56421,62,61.8,871.1,6.83,F,2.99,F,4.99,13.56
9.73,56483,62,61.8,871.5,6.82,F,2.98,F,4.99,13.56
9.74,56546,62,61.8,871.9,6.82,F,2.96,F,5.00,13.56
9.75,56608,62,61.8,872.2,6.81,F,2.95,F,5.00,13.56
9.76,56671,62,61.8,872.6,6.81,F,2.94,F,5.01,13.55
9.77,56733,62,61.9,873.0,6.80,F,2.92,F,5.02,13.55
9.78,56796,62,61.9,873.4,6.80,F,2.91,F,5.02,13.55
9.79,56858,62,61.9,873.7,6.79,F,2.90,F,5.03,13.55
9.80,56921,62,61.9,874.1,6.79,F,2.88,F,5.03,13.55
9.81,56983,62,61.9,874.5,6.78,F,2.87,F,5.04,13.54
9.82,57046,62,61.9,874.8,6.78,F,2.86,F,5.04,13.54
9.83,57108,62,61.9,875.2,6.77,F,2.84,F,5.05,13.54
9.84,57171,62,61.9,875.6,6.77,F,2.83,F,5.05,13.54
9.85,57233,62,61.9,875.9,6.76,F,2.81,F,5.06,13.54
9.86,57296,62,61.9,876.3,6.76,F,2.80,F,5.06,13.54
9.87,57358,62,61.9,876.7,6.76,F,2.79,F,5.07,13.53
9.88,57421,62,62.0,877.1,6.75,F,2.77,F,5.07,13.53
9.89,57483,62,62.0,877.4,6.75,F,2.76,F,5.08,13.53
9.90,57546,62,62.0,877.8,6.74,F,2.75,F,5.08,13.53
9.91,57608,62,62.0,878.2,6.74,F,2.73,F,5.09,13.53
9.92,57671,62,62.0,878.5,6.73,F,2.72,F,5.09,13.52
9.93,57733,62,62.0,878.9,6.73,F,2.71,F,5.10,13.52
9.94,57796,62,62.0,879.3,6.72,F,2.69,F,5.10,13.52
9.95,57858,62,62.0,879.6,6.72,F,2.68,F,5.11,13.52
9.96,57921,62,62.0,880.0,6.71,F,2.66,F,5.11,13.52
9.97,57983,62,62.0,880.4,6.71,F,2.65,F,5.12,13.52
9.98,58046,62,62.0,880.8,6.70,F,2.64,F,5.12,13.51
9.99,58108,62,62.0,881.1,6.70,F,2.62,F,5.13,13.51
10.00,58171,62,62.1,881.5,6.69,F,2.61,F,5.13,13.51
10.00,58141,62,62.0,881.5,6.69,F,2.61,F,5.13,13.51
10.01,58233,62,62.1,881.9,6.69,F,2.60,F,5.14,13.51
10.02,58295,62,62.1,882.2,6.68,F,2.58,F,5.14,13.51
10.03,58358,62,62.1,882.6,6.68,F,2.57,F,5.15,13.50
10.04,58420,62,62.1,883.0,6.67,F,2.56,F,5.15,13.50
10.05,58483,62,62.1,883.3,6.67,F,2.54,F,5.16,13.50
10.06,58545,62,62.1,883.7,6.66,F,2.53,F,5.16,13.50
10.07,58608,62,62.1,884.1,6.66,F,2.52,F,5.17,13.50
10.08,58670,62,62.1,884.5,6.66,F,2.50,F,5.17,13.50
10.09,58733,62,62.1,884.8,6.65,F,2.49,F,5.18,13.49
10.10,58795,62,62.1,885.2,6.65,F,2.47,F,5.18,13.49
10.11,58858,62,62.2,885.6,6.64,F,2.46,F,5.19,13.49
10.12,58920,62,62.2,885.9,6.64,F,2.45,F,5.19,13.49
10.13,58983,62,62.2,886.3,6.63,F,2.43,F,5.20,13.49
10.14,59045,62,62.2,886.7,6.63,F,2.42,F,5.21,13.48
10.15,59108,62,62.2,887.0,6.62,F,2.41,F,5.21,13.48
10.16,59170,62,62.2,887.4,6.62,F,2.39,F,5.22,13.48
10.17,59233,62,62.2,887.8,6.61,F,2.38,F,5.22,13.48
10.18,59295,62,62.2,888.2,6.61,F,2.37,F,5.23,13.48
10.19,59358,62,62.2,888.5,6.60,F,2.35,F,5.23,13.48
10.20,59420,62,62.2,888.9,6.60,F,2.34,F,5.24,13.47
10.21,59483,62,62.2,889.3,6.59,F,2.32,F,5.24,13.47
10.22,59545,62,62.2,889.6,6.59,F,2.31,F,5.25,13.47
10.23,59608,62,62.3,890.0,6.58,F,2.30,F,5.25,13.47
10.24,59670,62,62.3,890.4,6.58,F,2.28,F,5.26,13.47
10.25,59733,62,62.3,890.7,6.57,F,2.27,F,5.26,13.47
10.26,59795,62,62.3,891.1,6.57,F,2.26,F,5.27,13.46
10.27,59858,62,62.3,891.5,6.56,F,2.24,F,5.27,13.46
10.28,59920,62,62.3,891.9,6.56,F,2.23,F,5.28,13.46
10.29,59983,62,62.3,892.2,6.56,F,2.22,F,5.28,13.46
10.30,60045,62,62.3,892.6,6.55,F,2.20,F,5.29,13.46
10.31,60108,62,62.3,893.0,6.55,F,2.19,F,5.29,13.45
10.32,60170,62,62.3,893.3,6.54,F,2.18,F,5.30,13.45
10.33,60232,62,62.3,893.7,6.54,F,2.16,F,5.30,13.45
10.34,60295,62,62.4,894.1,6.53,F,2.15,F,5.31,13.45
10.35,60357,62,62.4,894.4,6.53,F,2.13,F,5.31,13.45
10.36,60420,62,62.4,894.8,6.52,F,2.12,F,5.32,13.45
10.37,60482,62,62.4,895.2,6.52,F,2.11,F,5.32,13.44
10.38,60545,62,62.4,895.6,6.51,F,2.09,F,5.33,13.44
10.39,60607,62,62.4,895.9,6.51,F,2.08,F,5.33,13.44
10.40,60670,62,62.4,896.3,6.50,F,2.07,F,5.34,13.44
10.41,60732,62,62.4,896.7,6.50,F,2.05,F,5.34,13.44
10.42,60795,62,62.4,897.0,6.49,F,2.04,F,5.35,13.43
10.43,60857,62,62.4,897.4,6.49,F,2.03,F,5.35,13.43
10.44,60920,62,62.4,897.8,6.48,F,2.01,F,5.36,13.43
10.45,60982,62,62.4,898.1,6.48,F,2.00,F,5.36,13.43
10.46,61045,62,62.5,898.5,6.47,F,1.99,F,5.37,13.43
10.47,61107,62,62.5,898.9,6.47,F,1.97,F,5.37,13.43
10.48,61170,62,62.5,899.3,6.46,F,1.96,F,5.38,13.42
10.49,61232,62,62.5,899.6,6.46,F,1.94,F,5.38,13.42
10.50,61295,62,62.5,900.0,6.46,F,1.93,F,5.39,13.42
10.50,61265,62,62.4,900.0,6.46,F,1.93,F,5.39,13.42
10.51,61357,62,62.5,900.4,6.45,F,1.92,F,5.40,13.42
10.52,61420,62,62.5,900.7,6.45,F,1.90,F,5.40,13.42
10.53,61482,62,62.5,901.1,6.44,F,1.89,F,5.41,13.41
10.54,61545,62,62.5,901.5,6.44,F,1.88,F,5.41,13.41
10.55,61607,62,62.5,901.8,6.43,F,1.86,F,5.42,13.41
10.56,61670,62,62.5,902.2,6.43,F,1.85,F,5.42,13.41
10.57,61732,62,62.5,902.6,6.42,F,1.84,F,5.43,13.41
10.58,61795,62,62.6,903.0,6.42,F,1.82,F,5.43,13.41
10.59,61857,62,62.6,903.3,6.41,F,1.81,F,5.44,13.40
10.60,61920,62,62.6,903.7,6.41,F,1.79,F,5.44,13.40
10.61,61982,62,62.6,904.1,6.40,F,1.78,F,5.45,13.40
10.62,62044,62,62.6,904.4,6.40,F,1.77,F,5.45,13.40
10.63,62107,62,62.6,904.8,6.39,F,1.75,F,5.46,13.40
10.64,62169,62,62.6,905.2,6.39,F,1.74,F,5.46,13.39
10.65,62232,62,62.6,905.5,6.38,F,1.73,F,5.47,13.39
10.66,62294,62,62.6,905.9,6.38,F,1.71,F,5.47,13.39
10.67,62357,62,62.6,906.3,6.37,F,1.70,F,5.48,13.39
10.68,62419,62,62.6,906.7,6.37,F,1.69,F,5.48,13.39
10.69,62482,62,62.7,907.0,6.36,F,1.67,F,5.49,13.39
10.70,62544,62,62.7,907.4,6.36,F,1.66,F,5.49,13.38
10.71,62607,62,62.7,907.8,6.35,F,1.65,F,5.50,13.38
10.72,62669,62,62.7,908.1,6.35,F,1.63,F,5.50,13.38
10.73,62732,62,62.7,908.5,6.35,F,1.62,F,5.51,13.38
10.74,62794,62,62.7,908.9,6.34,F,1.60,F,5.51,13.38
10.75,62857,62,62.7,909.2,6.34,F,1.59,F,5.52,13.38
10.76,62919,62,62.7,909.6,6.33,F,1.58,F,5.52,13.37
10.77,62982,62,62.7,910.0,6.33,F,1.56,F,5.53,13.37
10.78,63044,62,62.7,910.4,6.32,F,1.55,F,5.53,13.37
10.79,63107,62,62.7,910.7,6.32,F,1.54,F,5.54,13.37
10.80,63169,62,62.7,911.1,6.31,F,1.52,F,5.54,13.37
10.81,63232,62,62.8,911.5,6.31,F,1.51,F,5.55,13.36
10.82,63294,62,62.8,911.8,6.30,F,1.50,F,5.55,13.36
10.83,63357,62,62.8,912.2,6.30,F,1.48,F,5.56,13.36
10.84,63419,62,62.8,912.6,6.29,F,1.47,F,5.56,13.36
10.85,63482,62,62.8,912.9,6.29,F,1.45,F,5.57,13.36
10.86,63544,62,62.8,913.3,6.28,F,1.44,F,5.57,13.36
10.87,63607,62,62.8,913.7,6.28,F,1.43,F,5.58,13.35
10.88,63669,62,62.8,914.1,6.27,F,1.41,F,5.59,13.35
10.89,63732,62,62.8,914.4,6.27,F,1.40,F,5.59,13.35
10.90,63794,62,62.8,914.8,6.26,F,1.39,F,5.60,13.35
10.91,63857,62,62.8,915.2,6.26,F,1.37,F,5.60,13.35
10.92,63919,62,62.9,915.5,6.25,F,1.36,F,5.61,13.34
10.93,63981,62,62.9,915.9,6.25,F,1.35,F,5.61,13.34
10.94,64044,62,62.9,916.3,6.25,F,1.33,F,5.62,13.34
10.95,64106,62,62.9,916.6,6.24,F,1.32,F,5.62,13.34
10.96,64169,62,62.9,917.0,6.24,F,1.31,F,5.63,13.34
10.97,64231,62,62.9,917.4,6.23,F,1.29,F,5.63,13.34
10.98,64294,62,62.9,917.8,6.23,F,1.28,F,5.64,13.33
10.99,64356,62,62.9,918.1,6.22,F,1.26,F,5.64,13.33
11.00,64419,62,62.9,918.5,6.22,F,1.25,F,5.65,13.33
11.00,64389,62,62.8,918.5,6.22,F,1.25,F,5.65,13.33
11.01,64481,62,62.9,918.9,6.21,F,1.24,F,5.65,13.33
11.02,64544,62,62.9,919.2,6.21,F,1.22,F,5.66,13.33
11.03,64606,62,62.9,919.6,6.20,F,1.21,F,5.66,13.32
11.04,64669,62,63.0,920.0,6.20,F,1.20,F,5.67,13.32
11.05,64731,62,63.0,920.3,6.19,F,1.18,F,5.67,13.32
11.06,64794,62,63.0,920.7,6.19,F,1.17,F,5.68,13.32
11.07,64856,62,63.0,921.1,6.18,F,1.16,F,5.68,13.32
11.08,64919,62,63.0,921.5,6.18,F,1.14,F,5.69,13.32
11.09,64981,62,63.0,921.8,6.17,F,1.13,F,5.69,13.31
11.10,65044,62,63.0,922.2,6.17,F,1.11,F,5.70,13.31
11.11,65106,62,63.0,922.6,6.16,F,1.10,F,5.70,13.31
11.12,65169,62,63.0,922.9,6.16,F,1.09,F,5.71,13.31
11.13,65231,62,63.0,923.3,6.15,F,1.07,F,5.71,13.31
11.14,65294,62,63.0,923.7,6.15,F,1.06,F,5.72,13.30
11.15,65356,62,63.1,924.0,6.15,F,1.05,F,5.72,13.30
11.16,65419,62,63.1,924.4,6.14,F,1.03,F,5.73,13.30
11.17,65481,62,63.1,924.8,6.14,F,1.02,F,5.73,13.30
11.18,65544,62,63.1,925.2,6.13,F,1.01,F,5.74,13.30
11.19,65606,62,63.1,925.5,6.13,F,0.99,F,5.74,13.30
11.20,65669,62,63.1,925.9,6.12,F,0.98,F,5.75,13.29
11.21,65731,62,63.1,926.3,6.12,F,0.97,F,5.75,13.29
11.22,65793,62,63.1,926.6,6.11,F,0.95,F,5.76,13.29
11.23,65856,62,63.1,927.0,6.11,F,0.94,F,5.76,13.29
11.24,65918,62,63.1,927.4,6.10,F,0.92,F,5.77,13.29
11.25,65981,62,63.1,927.7,6.10,F,0.91,F,5.77,13.29
11.26,66043,62,63.1,928.1,6.09,F,0.90,F,5.78,13.28
11.27,66106,62,63.2,928.5,6.09,F,0.88,F,5.79,13.28
11.28,66168,62,63.2,928.9,6.08,F,0.87,F,5.79,13.28
11.29,66231,62,63.2,929.2,6.08,F,0.86,F,5.80,13.28
11.30,66293,62,63.2,929.6,6.07,F,0.84,F,5.80,13.28
11.31,66356,62,63.2,930.0,6.07,F,0.83,F,5.81,13.27
11.32,66418,62,63.2,930.3,6.06,F,0.82,F,5.81,13.27
11.33,66481,62,63.2,930.7,6.06,F,0.80,F,5.82,13.27
11.34,66543,62,63.2,931.1,6.05,F,0.79,F,5.82,13.27
11.35,66606,62,63.2,931.4,6.05,F,0.77,F,5.83,13.27
11.36,66668,62,63.2,931.8,6.05,F,0.76,F,5.83,13.27
11.37,66731,62,63.2,932.2,6.04,F,0.75,F,5.84,13.26
11.38,66793,62,63.3,932.6,6.04,F,0.73,F,5.84,13.26
11.39,66856,62,63.3,932.9,6.03,F,0.72,F,5.85,13.26
11.40,66918,62,63.3,933.3,6.03,F,0.71,F,5.85,13.26
11.41,66981,62,63.3,933.7,6.02,F,0.69,F,5.86,13.26
11.42,67043,62,63.3,934.0,6.02,F,0.68,F,5.86,13.25
11.43,67106,62,63.3,934.4,6.01,F,0.67,F,5.87,13.25
11.44,67168,62,63.3,934.8,6.01,F,0.65,F,5.87,13.25
11.45,67231,62,63.3,935.1,6.00,F,0.64,F,5.88,13.25
11.46,67293,62,63.3,935.5,6.00,F,0.63,F,5.88,13.25
11.47,67356,62,63.3,935.9,5.99,F,0.61,F,5.89,13.25
11.48,67418,62,63.3,936.3,5.99,F,0.60,F,5.89,13.24
11.49,67481,62,63.3,936.6,5.98,F,0.58,F,5.90,13.24
11.50,67543,62,63.4,937.0,5.98,F,0.57,F,5.90,13.24
11.50,67513,62,63.3,937.0,5.98,F,0.57,F,5.90,13.24
11.51,67606,62,63.4,937.4,5.97,F,0.56,F,5.91,13.24
11.52,67668,62,63.4,937.7,5.97,F,0.54,F,5.91,13.24
11.53,67730,62,63.4,938.1,5.96,F,0.53,F,5.92,13.23
11.54,67793,62,63.4,938.5,5.96,F,0.52,F,5.92,13.23
11.55,67855,62,63.4,938.8,5.95,F,0.50,F,5.93,13.23
11.56,67918,62,63.4,939.2,5.95,F,0.49,F,5.93,13.23
11.57,67980,62,63.4,939.6,5.94,F,0.48,F,5.94,13.23
11.58,68043,62,63.4,940.0,5.94,F,0.46,F,5.94,13.23
11.59,68105,62,63.4,940.3,5.94,F,0.45,F,5.95,13.22
11.60,68168,62,63.4,940.7,5.93,F,0.44,F,5.95,13.22
11.61,68230,62,63.5,941.1,5.93,F,0.42,F,5.96,13.22
11.62,68293,62,63.5,941.4,5.92,F,0.41,F,5.96,13.22
11.63,68355,62,63.5,941.8,5.92,F,0.39,F,5.97,13.22
11.64,68418,62,63.5,942.2,5.91,F,0.38,F,5.98,13.21
11.65,68480,62,63.5,942.5,5.91,F,0.37,F,5.98,13.21
11.66,68543,62,63.5,942.9,5.90,F,0.35,F,5.99,13.21
11.67,68605,62,63.5,943.3,5.90,F,0.34,F,5.99,13.21
11.68,68668,62,63.5,943.7,5.89,F,0.33,F,6.00,13.21
11.69,68730,62,63.5,944.0,5.89,F,0.31,F,6.00,13.21
11.70,68793,62,63.5,944.4,5.88,F,0.30,F,6.01,13.20
11.71,68855,62,63.5,944.8,5.88,F,0.29,F,6.01,13.20
11.72,68918,62,63.5,945.1,5.87,F,0.27,F,6.02,13.20
11.73,68980,62,63.6,945.5,5.87,F,0.26,F,6.02,13.20
11.74,69043,62,63.6,945.9,5.86,F,0.24,F,6.03,13.20
11.75,69105,62,63.6,946.2,5.86,F,0.23,F,6.03,13.20
11.76,69168,62,63.6,946.6,5.85,F,0.22,F,6.04,13.19
11.77,69230,62,63.6,947.0,5.85,F,0.20,F,6.04,13.19
11.78,69293,62,63.6,947.4,5.84,F,0.19,F,6.05,13.19
11.79,69355,62,63.6,947.7,5.84,F,0.18,F,6.05,13.19
11.80,69418,62,63.6,948.1,5.84,F,0.16,F,6.06,13.19
11.81,69480,62,63.6,948.5,5.83,F,0.15,F,6.06,13.18
11.82,69542,62,63.6,948.8,5.83,F,0.14,F,6.07,13.18
11.83,69605,62,63.6,949.2,5.82,F,0.12,F,6.07,13.18
11.84,69667,62,63.7,949.6,5.82,F,0.11,F,6.08,13.18
11.85,69730,62,63.7,949.9,5.81,F,0.10,F,6.08,13.18
11.86,69792,62,63.7,950.3,5.81,F,0.08,F,6.09,13.18
11.87,69855,62,63.7,950.7,5.80,F,0.07,F,6.09,13.17
11.88,69917,62,63.7,951.1,5.80,F,0.05,F,6.10,13.17
11.89,69980,62,63.7,951.4,5.79,F,0.04,F,6.10,13.17
11.90,70042,62,63.7,951.8,5.79,F,0.03,F,6.11,13.17
11.91,70105,62,63.7,952.2,5.78,F,0.01,F,6.11,13.17
11.92,70167,62,63.7,952.5,5.78,F,0.00,F,6.12,13.16
11.93,70230,62,63.7,952.9,5.77,F,0.01,A,6.12,13.16
11.94,70292,62,63.7,953.3,5.77,F,0.02,A,6.13,13.16
11.95,70355,62,63.7,953.6,5.76,F,0.03,A,6.13,13.16
11.96,70417,62,63.8,954.0,5.76,F,0.05,A,6.14,13.16
11.97,70480,62,63.8,954.4,5.75,F,0.06,A,6.14,13.16
11.98,70542,62,63.8,954.8,5.75,F,0.07,A,6.15,13.15
11.99,70605,62,63.8,955.1,5.74,F,0.08,A,6.15,13.15
12.00,70667,62,63.8,955.5,5.74,F,0.09,A,6.16,13.15
12.00,70637,62,63.7,955.5,5.74,F,0.09,A,6.16,13.15
12.01,70731,64,63.8,955.8,5.74,F,0.09,A,6.17,13.15
12.02,70795,64,63.8,956.1,5.73,F,0.10,A,6.17,13.15
12.03,70859,64,63.8,956.4,5.73,F,0.10,A,6.18,13.15
12.04,70923,64,63.8,956.6,5.72,F,0.10,A,6.18,13.16
12.05,70987,64,63.8,956.9,5.72,F,0.11,A,6.19,13.16
12.06,71051,64,63.8,957.2,5.71,F,0.11,A,6.19,13.16
12.07,71115,64,63.8,957.5,5.71,F,0.11,A,6.20,13.16
12.08,71179,64,63.8,957.8,5.70,F,0.12,A,6.20,13.16
12.09,71243,64,63.8,958.1,5.70,F,0.12,A,6.21,13.16
12.10,71307,64,63.9,958.3,5.69,F,0.13,A,6.21,13.17
12.11,71371,64,63.9,958.6,5.69,F,0.13,A,6.22,13.17
12.12,71435,64,63.9,958.9,5.69,F,0.13,A,6.22,13.17
12.13,71499,64,63.9,959.2,5.68,F,0.14,A,6.23,13.17
12.14,71563,64,63.9,959.5,5.68,F,0.14,A,6.23,13.17
12.15,71627,64,63.9,959.8,5.67,F,0.14,A,6.24,13.17
12.16,71691,64,63.9,960.0,5.67,F,0.15,A,6.24,13.17
12.17,71755,64,63.9,960.3,5.66,F,0.15,A,6.25,13.18
12.18,71819,64,63.9,960.6,5.66,F,0.15,A,6.26,13.18
12.19,71883,64,63.9,960.9,5.65,F,0.16,A,6.26,13.18
12.20,71947,64,63.9,961.2,5.65,F,0.16,A,6.27,13.18
12.21,72011,64,63.9,961.5,5.64,F,0.16,A,6.27,13.18
12.22,72075,64,63.9,961.7,5.64,F,0.17,A,6.28,13.18
12.23,72139,64,63.9,962.0,5.64,F,0.17,A,6.28,13.19
12.24,72203,64,63.9,962.3,5.63,F,0.18,A,6.29,13.19
12.25,72267,64,64.0,962.6,5.63,F,0.18,A,6.29,13.19
12.26,72331,64,64.0,962.9,5.62,F,0.18,A,6.30,13.19
12.27,72395,64,64.0,963.2,5.62,F,0.19,A,6.30,13.19
12.28,72459,64,64.0,963.4,5.61,F,0.19,A,6.31,13.19
12.29,72523,64,64.0,963.7,5.61,F,0.19,A,6.31,13.19
12.30,72587,64,64.0,964.0,5.60,F,0.20,A,6.32,13.20
12.31,72651,64,64.0,964.3,5.60,F,0.20,A,6.32,13.20
12.32,72715,64,64.0,964.6,5.59,F,0.20,A,6.33,13.20
12.33,72779,64,64.0,964.9,5.59,F,0.21,A,6.33,13.20
12.34,72843,64,64.0,965.1,5.59,F,0.21,A,6.34,13.20
12.35,72907,64,64.0,965.4,5.58,F,0.21,A,6.34,13.20
12.36,72971,64,64.0,965.7,5.58,F,0.22,A,6.35,13.21
12.37,73035,64,64.0,966.0,5.57,F,0.22,A,6.36,13.21
12.38,73099,64,64.0,966.3,5.57,F,0.23,A,6.36,13.21
12.39,73163,64,64.0,966.6,5.56,F,0.23,A,6.37,13.21
12.40,73227,64,64.1,966.9,5.56,F,0.23,A,6.37,13.21
12.41,73291,64,64.1,967.1,5.55,F,0.24,A,6.38,13.21
12.42,73355,64,64.1,967.4,5.55,F,0.24,A,6.38,13.21
12.43,73419,64,64.1,967.7,5.54,F,0.24,A,6.39,13.22
12.44,73483,64,64.1,968.0,5.54,F,0.25,A,6.39,13.22
12.45,73547,64,64.1,968.3,5.54,F,0.25,A,6.40,13.22
12.46,73611,64,64.1,968.6,5.53,F,0.25,A,6.40,13.22
12.47,73675,64,64.1,968.8,5.53,F,0.26,A,6.41,13.22
12.48,73739,64,64.1,969.1,5.52,F,0.26,A,6.41,13.22
12.49,73803,64,64.1,969.4,5.52,F,0.26,A,6.42,13.23
12.50,73867,64,64.1,969.7,5.51,F,0.27,A,6.42,13.23
12.50,73837,64,64.0,969.7,5.51,F,0.27,A,6.44,13.22
12.51,73931,64,64.1,970.0,5.51,F,0.27,A,6.43,13.23
12.52,73995,64,64.1,970.3,5.50,F,0.28,A,6.43,13.23
12.53,74059,64,64.1,970.5,5.50,F,0.28,A,6.44,13.23
12.54,74123,64,64.1,970.8,5.49,F,0.28,A,6.45,13.23
12.55,74187,64,64.2,971.1,5.49,F,0.29,A,6.45,13.23
12.56,74251,64,64.2,971.4,5.49,F,0.29,A,6.46,13.24
12.57,74315,64,64.2,971.7,5.48,F,0.29,A,6.46,13.24
12.58,74379,64,64.2,972.0,5.48,F,0.30,A,6.47,13.24
12.59,74443,64,64.2,972.2,5.47,F,0.30,A,6.47,13.24
12.60,74507,64,64.2,972.5,5.47,F,0.30,A,6.48,13.24
12.61,74571,64,64.2,972.8,5.46,F,0.31,A,6.48,13.24
12.62,74635,64,64.2,973.1,5.46,F,0.31,A,6.49,13.25
12.63,74699,64,64.2,973.4,5.45,F,0.31,A,6.49,13.25
12.64,74763,64,64.2,973.7,5.45,F,0.32,A,6.50,13.25
12.65,74827,64,64.2,973.9,5.44,F,0.32,A,6.50,13.25
12.66,74891,64,64.2,974.2,5.44,F,0.32,A,6.51,13.25
12.67,74955,64,64.2,974.5,5.44,F,0.33,A,6.51,13.25
12.68,75019,64,64.2,974.8,5.43,F,0.33,A,6.52,13.25
12.69,75083,64,64.2,975.1,5.43,F,0.34,A,6.52,13.26
12.70,75147,64,64.3,975.4,5.42,F,0.34,A,6.53,13.26
12.71,75211,64,64.3,975.6,5.42,F,0.34,A,6.53,13.26
12.72,75275,64,64.3,975.9,5.41,F,0.35,A,6.54,13.26
12.73,75339,64,64.3,976.2,5.41,F,0.35,A,6.55,13.26
12.74,75403,64,64.3,976.5,5.40,F,0.35,A,6.55,13.26
12.75,75467,64,64.3,976.8,5.40,F,0.36,A,6.56,13.27
12.76,75531,64,64.3,977.1,5.39,F,0.36,A,6.56,13.27
12.77,75595,64,64.3,977.4,5.39,F,0.36,A,6.57,13.27
12.78,75659,64,64.3,977.6,5.39,F,0.37,A,6.57,13.27
12.79,75723,64,64.3,977.9,5.38,F,0.37,A,6.58,13.27
12.80,75787,64,64.3,978.2,5.38,F,0.37,A,6.58,13.27
12.81,75851,64,64.3,978.5,5.37,F,0.38,A,6.59,13.27
12.82,75915,64,64.3,978.8,5.37,F,0.38,A,6.59,13.28
12.83,75979,64,64.3,979.1,5.36,F,0.39,A,6.60,13.28
12.84,76043,64,64.3,979.3,5.36,F,0.39,A,6.60,13.28
12.85,76107,64,64.3,979.6,5.35,F,0.39,A,6.61,13.28
12.86,76171,64,64.4,979.9,5.35,F,0.40,A,6.61,13.28
12.87,76235,64,64.4,980.2,5.35,F,0.40,A,6.62,13.28
12.88,76299,64,64.4,980.5,5.34,F,0.40,A,6.62,13.29
12.89,76363,64,64.4,980.8,5.34,F,0.41,A,6.63,13.29
12.90,76427,64,64.4,981.0,5.33,F,0.41,A,6.64,13.29
12.91,76491,64,64.4,981.3,5.33,F,0.41,A,6.64,13.29
12.92,76555,64,64.4,981.6,5.32,F,0.42,A,6.65,13.29
12.93,76619,64,64.4,981.9,5.32,F,0.42,A,6.65,13.29
12.94,76683,64,64.4,982.2,5.31,F,0.42,A,6.66,13.29
12.95,76747,64,64.4,982.5,5.31,F,0.43,A,6.66,13.30
12.96,76811,64,64.4,982.7,5.30,F,0.43,A,6.67,13.30
12.97,76875,64,64.4,983.0,5.30,F,0.44,A,6.67,13.30
12.98,76939,64,64.4,983.3,5.30,F,0.44,A,6.68,13.30
12.99,77003,64,64.4,983.6,5.29,F,0.44,A,6.68,13.30
13.00,77067,64,64.4,983.9,5.29,F,0.45,A,6.69,13.30
13.00,77037,64,64.4,983.9,5.29,F,0.45,A,6.71,13.29
13.01,77131,64,64.5,984.2,5.28,F,0.45,A,6.69,13.31
13.02,77195,64,64.5,984.4,5.28,F,0.45,A,6.70,13.31
13.03,77259,64,64.5,984.7,5.27,F,0.46,A,6.70,13.31
13.04,77323,64,64.5,985.0,5.27,F,0.46,A,6.71,13.31
13.05,77387,64,64.5,985.3,5.26,F,0.46,A,6.71,13.31
13.06,77451,64,64.5,985.6,5.26,F,0.47,A,6.72,13.31
13.07,77515,64,64.5,985.9,5.25,F,0.47,A,6.72,13.31
13.08,77579,64,64.5,986.2,5.25,F,0.47,A,6.73,13.32
13.09,77643,64,64.5,986.4,5.25,F,0.48,A,6.74,13.32
13.10,77707,64,64.5,986.7,5.24,F,0.48,A,6.74,13.32
13.11,77771,64,64.5,987.0,5.24,F,0.49,A,6.75,13.32
13.12,77835,64,64.5,987.3,5.23,F,0.49,A,6.75,13.32
13.13,77899,64,64.5,987.6,5.23,F,0.49,A,6.76,13.32
13.14,77963,65,64.5,987.9,5.22,F,0.50,A,6.76,13.33
13.15,78027,65,64.5,988.1,5.22,F,0.50,A,6.77,13.33
13.16,78091,65,64.6,988.4,5.21,F,0.50,A,6.77,13.33
13.17,78155,65,64.6,988.7,5.21,F,0.51,A,6.78,13.33
13.18,78219,65,64.6,989.0,5.20,F,0.51,A,6.78,13.33
13.19,78283,65,64.6,989.3,5.20,F,0.51,A,6.79,13.33
13.20,78347,65,64.6,989.6,5.20,F,0.52,A,6.79,13.33
13.21,78411,65,64.6,989.8,5.19,F,0.52,A,6.80,13.34
13.22,78475,65,64.6,990.1,5.19,F,0.52,A,6.80,13.34
13.23,78539,65,64.6,990.4,5.18,F,0.53,A,6.81,13.34
13.24,78603,65,64.6,990.7,5.18,F,0.53,A,6.81,13.34
13.25,78667,65,64.6,991.0,5.17,F,0.54,A,6.82,13.34
13.26,78731,65,64.6,991.3,5.17,F,0.54,A,6.83,13.34
13.27,78795,65,64.6,991.5,5.16,F,0.54,A,6.83,13.35
13.28,78859,65,64.6,991.8,5.16,F,0.55,A,6.84,13.35
13.29,78923,65,64.6,992.1,5.15,F,0.55,A,6.84,13.35
13.30,78987,65,64.6,992.4,5.15,F,0.55,A,6.85,13.35
13.31,79051,65,64.7,992.7,5.15,F,0.56,A,6.85,13.35
13.32,79115,65,64.7,993.0,5.14,F,0.56,A,6.86,13.35
13.33,79179,65,64.7,993.2,5.14,F,0.56,A,6.86,13.35
13.34,79243,65,64.7,993.5,5.13,F,0.57,A,6.87,13.36
13.35,79307,65,64.7,993.8,5.13,F,0.57,A,6.87,13.36
13.36,79371,65,64.7,994.1,5.12,F,0.57,A,6.88,13.36
13.37,79435,65,64.7,994.4,5.12,F,0.58,A,6.88,13.36
13.38,79499,65,64.7,994.7,5.11,F,0.58,A,6.89,13.36
13.39,79563,65,64.7,994.9,5.11,F,0.58,A,6.89,13.36
13.40,79627,65,64.7,995.2,5.10,F,0.59,A,6.90,13.37
13.41,79691,65,64.7,995.5,5.10,F,0.59,A,6.90,13.37
13.42,79755,65,64.7,995.8,5.10,F,0.60,A,6.91,13.37
13.43,79819,65,64.7,996.1,5.09,F,0.60,A,6.92,13.37
13.44,79883,65,64.7,996.4,5.09,F,0.60,A,6.92,13.37
13.45,79947,65,64.7,996.7,5.08,F,0.61,A,6.93,13.37
13.46,80011,65,64.8,996.9,5.08,F,0.61,A,6.93,13.37
13.47,80075,65,64.8,997.2,5.07,F,0.61,A,6.94,13.38
13.48,80139,65,64.8,997.5,5.07,F,0.62,A,6.94,13.38
13.49,80203,65,64.8,997.8,5.06,F,0.62,A,6.95,13.38
13.50,80267,65,64.8,998.1,5.06,F,0.62,A,6.95,13.38
13.50,80237,65,64.7,998.1,5.06,F,0.62,A,6.97,13.37
13.51,80331,65,64.8,998.4,5.05,F,0.63,A,6.96,13.38
13.52,80395,65,64.8,998.6,5.05,F,0.63,A,6.96,13.38
13.53,80459,65,64.8,998.9,5.05,F,0.63,A,6.97,13.39
13.54,80523,65,64.8,999.2,5.04,F,0.64,A,6.97,13.39
13.55,80587,65,64.8,999.5,5.04,F,0.64,A,6.98,13.39
13.56,80651,65,64.8,999.8,5.03,F,0.65,A,6.98,13.39
13.57,80715,65,64.8,1000.1,5.03,F,0.65,A,6.99,13.39
13.58,80779,65,64.8,1000.3,5.02,F,0.65,A,6.99,13.39
13.59,80843,65,64.8,1000.6,5.02,F,0.66,A,7.00,13.39
13.60,80907,65,64.8,1000.9,5.01,F,0.66,A,7.00,13.40
13.61,80971,65,64.9,1001.2,5.01,F,0.66,A,7.01,13.40
13.62,81035,65,64.9,1001.5,5.00,F,0.67,A,7.02,13.40
13.63,81099,65,64.9,1001.8,5.00,F,0.67,A,7.02,13.40
13.64,81163,65,64.9,1002.0,5.00,F,0.67,A,7.03,13.40
13.65,81227,65,64.9,1002.3,4.99,F,0.68,A,7.03,13.40
13.66,81291,65,64.9,1002.6,4.99,F,0.68,A,7.04,13.41
13.67,81355,65,64.9,1002.9,4.98,F,0.68,A,7.04,13.41
13.68,81419,65,64.9,1003.2,4.98,F,0.69,A,7.05,13.41
13.69,81483,65,64.9,1003.5,4.97,F,0.69,A,7.05,13.41
13.70,81547,65,64.9,1003.7,4.97,F,0.70,A,7.06,13.41
13.71,81611,65,64.9,1004.0,4.96,F,0.70,A,7.06,13.41
13.72,81675,65,64.9,1004.3,4.96,F,0.70,A,7.07,13.41
13.73,81739,65,64.9,1004.6,4.95,F,0.71,A,7.07,13.42
13.74,81803,65,64.9,1004.9,4.95,F,0.71,A,7.08,13.42
13.75,81867,65,64.9,1005.2,4.95,F,0.71,A,7.08,13.42
13.76,81931,65,65.0,1005.4,4.94,F,0.72,A,7.09,13.42
13.77,81995,65,65.0,1005.7,4.94,F,0.72,A,7.09,13.42
13.78,82059,65,65.0,1006.0,4.93,F,0.72,A,7.10,13.42
13.79,82123,65,65.0,1006.3,4.93,F,0.73,A,7.11,13.43
13.80,82187,65,65.0,1006.6,4.92,F,0.73,A,7.11,13.43
13.81,82251,65,65.0,1006.9,4.92,F,0.73,A,7.12,13.43
13.82,82315,65,65.0,1007.2,4.91,F,0.74,A,7.12,13.43
13.83,82379,65,65.0,1007.4,4.91,F,0.74,A,7.13,13.43
13.84,82443,65,65.0,1007.7,4.90,F,0.75,A,7.13,13.43
13.85,82507,65,65.0,1008.0,4.90,F,0.75,A,7.14,13.43
13.86,82571,65,65.0,1008.3,4.90,F,0.75,A,7.14,13.44
13.87,82635,65,65.0,1008.6,4.89,F,0.76,A,7.15,13.44
13.88,82699,65,65.0,1008.9,4.89,F,0.76,A,7.15,13.44
13.89,82763,65,65.0,1009.1,4.88,F,0.76,A,7.16,13.44
13.90,82827,65,65.0,1009.4,4.88,F,0.77,A,7.16,13.44
13.91,82891,65,65.0,1009.7,4.87,F,0.77,A,7.17,13.44
13.92,82955,65,65.1,1010.0,4.87,F,0.77,A,7.17,13.45
13.93,83019,65,65.1,1010.3,4.86,F,0.78,A,7.18,13.45
13.94,83083,65,65.1,1010.6,4.86,F,0.78,A,7.18,13.45
13.95,83147,65,65.1,1010.8,4.85,F,0.78,A,7.19,13.45
13.96,83211,65,65.1,1011.1,4.85,F,0.79,A,7.19,13.45
13.97,83275,65,65.1,1011.4,4.85,F,0.79,A,7.20,13.45
13.98,83339,65,65.1,1011.7,4.84,F,0.79,A,7.21,13.45
13.99,83403,65,65.1,1012.0,4.84,F,0.80,A,7.21,13.46
14.00,83467,65,65.1,1012.3,4.83,F,0.80,A,7.22,13.46