5 degrees,,10 degrees,,12 degrees,,15 degrees,,20 degrees,,25 degrees,,30 degrees,,35 degrees,,40 degrees,,50 degrees,,60 degrees,,75 degrees,,90 degrees,
X,Y,X,Y,X,Y,X,Y,X,Y,X,Y,X,Y,X,Y,X,Y,X,Y,X,Y,X,Y,X,Y
4034.1097176994117,6.955709655135765,4720.230259359341,9.095075898471402,4994.678476023313,9.441112705244697,5989.553261430214,9.744631607536117,9111.401725982898,9.600800412506665,8390.97515723997,10.437547159785321,9722.049008060232,10.656030253112988,8356.669130156974,11.078530402059812,7053.0401010031055,11.366703057999086,5200.51463852129,11.055568437443135,4583.006151027355,10.102154863752183,4171.333826031398,9.096338806525319,6161.083396845195,9.881637996415613
4171.333826031398,6.8073179588005015,5028.984503106309,8.938475299785676,5303.4327197702805,9.26367412366934,6366.919559343172,9.583821315337335,9728.910213476833,9.460477295404761,9077.095698899899,10.292944187611809,10483.642809302757,10.551553314107114,10963.92718846471,10.8265228403918,7807.77269682903,11.298965262379895,5680.799017683243,11.083314144688286,5474.962855185266,10.340303239633702,4514.394096861361,9.544671165665903,6915.81599267112,9.848343147721433
4336.0027560297785,6.641245549710398,5303.4327197702805,8.785347698248223,5577.880936434252,9.11370379226668,6675.673803090143,9.437323981082946,10346.418700970771,9.322960640644894,9797.522267642828,10.158329670046552,11238.375405128681,10.452242817139993,11718.659784290634,10.765673634157611,8356.669130156974,11.255911578723628,6435.531613509167,11.116991692792743,6065.0265210128055,10.47796021751067,5097.5965572723035,9.804619740097182,7567.630507248054,9.819353667392882
4480.088069778365,6.482119134916838,5577.880936434252,8.635377366845562,5852.329153098224,8.968469366066207,6984.428046837111,9.287037922666807,10963.92718846471,9.186145601470537,10552.254863468752,10.028020520846917,11993.108000954606,10.35178422194204,12473.392380116558,10.703676329692588,11032.5392426307,11.089628684957873,8356.669130156974,11.160045376449009,6709.979830173139,10.620247858252,5886.635180181223,10.066973853678778,9385.84994264687,9.771420566255571
4617.312178110351,6.341620613918556,5852.329153098224,8.488564305577695,6126.7773697622,8.837442655472305,7327.488317667077,9.12664859981933,11615.741703041644,9.045822484368633,11204.069378045686,9.919596994172554,12953.67675927851,10.223484244646366,13228.124975942483,10.642253074342982,13433.961138440456,10.96486867720727,8836.953509318922,11.167508014949428,7405.902093856785,10.762475360514575,6435.531613509167,10.223133436853612,10140.58253847279,9.765680075101402
4754.536286442337,6.20270072798767,6126.7773697622,8.34490851444462,6435.531613509167,8.692208229271834,7670.54858849704,8.978888357511025,12267.556217618578,8.909709060779784,13090.900867610493,9.610686813938845,14188.69373426638,10.074518499195687,13982.8575717684,10.584274113685877,14188.69373426638,10.926981435589756,12336.168271784569,11.243856547299874,8123.388145992598,10.88840533503374,7121.652155169097,10.406956720257106,10895.315134298715,9.765680075101402
4898.621600190923,6.053993304638928,6401.2255864261715,8.207567263581131,6778.591884339134,8.534344722532191,8013.608859327007,8.845020103795807,12919.370732195508,8.773665798749489,13845.633463436418,9.493580794393802,14943.426330092305,9.982670640728983,14737.590167594324,10.528017300375023,14943.426330092305,10.89081634131849,13090.900867610493,11.262226118993215,8596.81131973795,10.952813645783515,7773.466669746031,10.551840338664823,11478.517594709658,9.765680075101402
5097.5965572723035,5.879080539171403,6675.673803090143,8.071804647785038,7121.652155169097,8.376481215792548,8390.97515723997,8.704837309811005,13605.491273855441,8.63222009671077,14600.366059262342,9.377048823964174,15526.628790503244,9.911966924680138,15492.322763420249,10.470612388833334,15698.15892591823,10.85465124704723,13845.633463436418,11.277725445109471,9557.380078061851,11.06963264077085,8425.281184322965,10.672869027165216,13090.900867610493,9.765680075101402
5303.4327197702805,5.703325835001269,6950.122019754115,7.939199302123738,7464.712425999063,8.231246789592078,8802.647482235927,8.568022270636648,14291.611815515374,8.497720388968593,15355.098655088266,9.262239000880797,17687.90849673203,9.658332890518446,16247.055359246173,10.414929624637896,16452.891521744154,10.820208300122214,14600.366059262342,11.29609501680281,12679.228542614532,11.370147352691587,9523.074050978856,10.825374742160967,13845.633463436418,9.773142713601823
5509.268882268261,5.539147787992041,7258.876263501083,7.793017694882829,7842.078723912025,8.07969782312202,9248.625834314884,8.429703769493342,14977.7323571753,8.361957773172502,16109.83125091419,9.14972537425909,18442.641092557955,9.575095768782997,17001.787955072097,10.360394958673293,17207.624117570078,10.785765353197203,15355.098655088266,11.311020293803649,13433.961138440456,11.435588951849113,10963.92718846471,10.957980087822266,14600.366059262342,9.778309155640574
5749.4110718492375,5.396018208548098,7601.936534331049,7.640205820358856,8219.445021824988,7.935726304975466,9728.910213476833,8.291685960743827,15663.852898835234,8.228720973484242,16864.563846740115,9.040081993214464,19197.37368838388,9.494154843509218,17756.52055089802,10.306434341824106,17962.356713396002,10.75304455361844,16109.83125091419,11.325371521689071,14188.69373426638,11.49873435454497,11615.741703041644,11.001751332872804,15355.098655088266,9.778309155640574
5955.2472343472145,5.26130801613027,7944.996805161016,7.491182669996633,8596.81131973795,7.8018580512602504,10243.50061972178,8.152315036222257,16384.279467578162,8.092326903661192,17619.296442566032,8.930438612169839,19952.106284209796,9.415510114697105,18511.253146723946,10.25247372497492,18717.089309221927,10.72032375403968,16864.563846740115,11.339722749574493,14943.426330092305,11.559009511663742,13090.900867610493,11.085993040560231,15938.301115499205,9.778309155640574
6195.389423928191,5.115021166551534,8288.057075990979,7.347211151850079,9008.483644733908,7.665043012085892,10792.397053049724,8.011816515223975,17139.012063404087,7.947092477460721,18374.029038391956,8.822517378471467,20706.83888003572,9.341457778808326,19265.98574254987,10.19851310812573,19471.82190504785,10.688177003576332,17619.296442566032,11.354073977459915,15698.15892591823,11.617562521436263,13845.633463436418,11.121584085716078,17619.296442566032,9.786919892371827
6469.837640592163,4.9603149299466835,8631.117346820945,7.210817082027029,9454.46199681286,7.52221412503574,11341.293486377672,7.875264581894184,17893.74465923001,7.808172591529836,19128.76163421788,8.71861448858101,21461.571475861645,9.269701639381218,20020.718338375795,10.144552491276546,20226.554500873768,10.656604302228402,18374.029038391956,11.36612900888367,16452.891521744154,11.670375040054617,14600.366059262342,11.156027032641092,18374.029038391956,9.790938236179745
6744.2858572561345,4.821395044015798,8974.177617650908,7.076948828311812,9934.746375974813,7.376979698835269,11890.189919705615,7.740291283631789,18648.47725505593,7.677863442330203,19883.494230043805,8.615859696921389,22216.30407168757,9.200241696415775,20775.45093420172,10.092314021773609,20981.287096699692,10.626753748226726,19128.76163421788,11.378758089422842,17207.624117570078,11.720317313095887,15355.098655088266,11.18185924283485,19128.76163421788,9.790938236179745
7053.0401010031055,4.674897709761412,9351.54391556387,6.936766034327009,10415.030755136766,7.237157735723015,12473.392380116558,7.597687915876978,19403.209850881853,7.548128342245988,20638.22682586973,8.517123249069684,22971.036667513494,9.1365222446045,21530.183530027636,10.03892745403984,21736.019692525617,10.596329145109632,19883.494230043805,11.390813120846595,17962.356713396002,11.76738934056007,16109.83125091419,11.210561698605694,19883.494230043805,9.790938236179745
7396.1003718330685,4.527137467453105,9763.216240559832,6.795741301639595,10895.315134298715,7.1009440813362374,13056.594840527498,7.46166219423632,20157.942446707777,7.425855880662192,21392.959421695654,8.418960850333399,23725.769263339418,9.075673038370311,22284.91612585356,9.986688984536903,22490.75228835154,10.56705264022337,20638.22682586973,11.39942385757785,18717.089309221927,11.811591122447169,16864.563846740115,11.232949614106953,20638.22682586973,9.790938236179745
7739.160642663035,4.392006305683971,10174.88856555579,6.657873839086973,11375.599513460667,6.968338735674937,13639.797300938437,7.326162684284794,20912.6750425337,7.3104720084634,22147.69201752158,8.32481679540503,24480.501859165342,9.016545979482371,23039.648721679485,9.934450515033966,23245.484884177466,10.537776135337108,21392.959421695654,11.409756741655352,19471.82190504785,11.848330265833852,17619.296442566032,11.255337529608212,21392.959421695654,9.790938236179745
8116.526940575997,4.256243689887878,10586.560890551747,6.5200063765343526,11855.88389262262,6.835733390013637,14257.305788432379,7.18513795159738,21667.407638359626,7.201976725649608,22902.424613347503,8.232968936938327,25235.234454991267,8.956844871479017,23794.38131750541,9.883360143761864,24000.21748000339,10.509647728681681,22147.69201752158,11.420663674848274,20226.554500873768,11.877032721604696,18374.029038391956,11.277151395994053,22147.69201752158,9.790938236179745
8528.199265571955,4.117323803956992,11032.5392426307,6.377478181877988,12336.168271784569,6.703128044352338,14874.814275926314,7.049726143594041,22422.14023418555,7.09864788487457,23657.157209173427,8.142269176702461,25989.96705081719,8.901736156398997,24308.971723750357,9.847769098606017,24754.950075829314,10.484389567603339,22902.424613347503,11.431570608041195,20981.287096699692,11.901142784452205,19128.76163421788,11.298391213264477,22902.424613347503,9.790938236179745
8974.177617650908,3.9788549566167912,11512.823621792653,6.23043960131478,12816.452650946521,6.570522698691038,15492.322763420249,6.913612720005194,23176.872830011474,6.999911437022865,24411.88980499935,8.056161809389929,26744.699646643116,8.84777553954981,26676.087592477117,9.69622013213596,25509.68267165524,10.457983308294164,23657.157209173427,11.440181344772448,21736.019692525617,11.919512356145544,19883.494230043805,11.31446458849615,23657.157209173427,9.788067990602661
9454.46199681286,3.841739225048645,11993.108000954606,6.086107252295678,13331.04305719147,6.433970765361247,16109.83125091419,6.7810073743438934,23931.6054258374,6.904045234748246,25166.62240082527,7.97120254030823,27499.432242469033,8.793240873585205,27430.82018830304,9.651444301133443,26264.415267481163,10.434447294562071,24411.88980499935,11.445921835926615,22490.75228835154,11.93271548580013,20638.22682586973,11.330537963727823,24240.359669584366,9.78462369591016
9969.052403057809,3.7053000513665264,12473.392380116558,5.944481134820684,13879.939490519413,6.2911042917618705,16761.64576549112,6.646297181926066,24686.338021663323,6.8150676218586295,25921.354996651193,7.889687565919033,28254.164838294957,8.742150502313104,28185.552784128966,9.608964666592595,27019.147863307087,10.409763182599145,25166.62240082527,11.456828769119538,23245.484884177466,11.937881927838884,21392.959421695654,11.343741093382413,26676.087592477117,9.790938236179745
10552.254863468752,3.5619950680262065,12953.67675927851,5.807365403252538,14428.835923847357,6.147448500628796,17413.46028006806,6.512288605093747,25441.070617489248,6.727238107199847,26676.087592477117,7.810468787991502,29008.89743412088,8.691634180156417,28940.28537995489,9.568207179397996,27773.880459133004,10.386227168867052,25921.354996651193,11.461995211158289,24000.21748000339,11.94419646810847,22147.69201752158,11.354073977459915,27430.82018830304,9.790938236179745
11169.763350962687,3.4195671041677738,13433.961138440456,5.673857980409869,14977.7323571753,6.006160662096816,18099.580821727985,6.374771950333882,26195.803213315165,6.642852887233566,27430.82018830304,7.7341202556410575,29763.630029946806,8.642840005345983,29695.017975780815,9.528597790434231,28528.61305495893,10.363265204250379,26676.087592477117,11.470605947889542,24754.950075829314,11.94419646810847,22902.424613347503,11.356944223037,28185.552784128966,9.790938236179745
11787.271838456625,3.2862601429209626,13914.245517602409,5.542154711929937,15526.628790503244,5.865662141098534,18820.007390470913,6.237114972456913,26950.53580914109,6.561337912844367,28185.552784128966,7.662364116213947,30518.36262577273,8.59347178142013,30449.75057160674,9.494154843509218,29283.345650784853,10.340877288749118,27430.82018830304,11.470605947889542,25509.68267165524,11.937881927838884,23657.157209173427,11.36612900888367,28940.28537995489,9.790938236179745
12439.086353033563,3.151830596737339,14428.835923847357,5.4054900189524755,16109.83125091419,5.718059762296969,19540.433959213842,6.105542915203364,27705.268404967013,6.481545085801422,28940.28537995489,7.590033927671421,31273.095221598654,8.546973803071362,31204.483167432663,9.459711896584205,30038.078246610778,10.319637471478693,28185.552784128966,11.470605947889542,26264.415267481163,11.937881927838884,24411.88980499935,11.369573303576171,29695.017975780815,9.790938236179745
13125.206894693489,3.0179623430221234,14977.7323571753,5.264991497954194,16727.339738408125,5.56861564258344,20295.166555039767,5.976381864234565,28460.001000792938,6.401752258758474,29695.017975780815,7.5228701811676455,32027.82781742458,8.502772021184262,31959.215763258588,9.427565146120859,30792.810842436702,10.300693850669937,28940.28537995489,11.470605947889542,27019.147863307087,11.928697141992213,25166.62240082527,11.369573303576171,30449.75057160674,9.790938236179745
13845.633463436418,2.883979279483821,15526.628790503244,5.124492976955912,17344.84822590206,5.424784447553989,21049.89915086569,5.849517009727434,29214.733596618862,6.323681579061779,30449.75057160674,7.458576680240954,32782.5604132505,8.457996190181746,32713.948359084505,9.400010788580849,31547.543438262626,10.284046426322845,29695.017975780815,11.470031898774124,27773.880459133004,11.922956650838046,25921.354996651193,11.368425205345336,31204.483167432663,9.790938236179745
14600.366059262342,2.7502258355916887,16109.83125091419,4.980661781926459,17962.356713396002,5.285162946037593,21804.631746691615,5.730114793720723,29969.466192444786,6.244462801134249,31204.483167432663,7.395431277545098,33537.29300907643,8.41666465387173,33468.68095491043,9.373030480156254,32302.27603408855,10.267399001975757,30449.75057160674,11.460847112927455,28528.61305495893,11.912623766760541,26676.087592477117,11.363258763306586,31959.215763258588,9.790938236179745
15355.098655088266,2.622212882853722,16693.03371132513,4.841917299891952,18614.171227972933,5.147856775953379,22559.364342517532,5.613582823291097,30724.19878827071,6.1669661705529695,31959.215763258588,7.336878267772574,34292.02560490235,8.376481215792548,34223.41355073635,9.347198269962496,33057.008629914475,10.254769921436587,31204.483167432663,11.456254720004122,29283.345650784853,11.902290882683037,27430.82018830304,11.359240419498667,32713.948359084505,9.790938236179745
16109.83125091419,2.4947739792311765,17276.23617173607,4.707733319163255,19300.291769632866,5.011462706130327,23314.096938343457,5.504513491361889,31478.931384096635,6.088321441740858,32713.948359084505,7.2823436018079715,35046.75820072827,8.336297777713368,34978.14614656228,9.323662256230405,33811.7412257404,10.241566791781997,31959.215763258588,11.4453477868112,30038.078246610778,11.892532047720952,28185.552784128966,11.350629682767414,33468.68095491043,9.790938236179745
16864.563846740115,2.3799641561477998,17893.74465923001,4.5702166644033895,20020.718338375795,4.87822590644207,24068.82953416938,5.3977403558943475,32233.66397992256,6.01025076204416,33468.68095491043,7.228382984958785,35801.49079655419,8.297836486980435,35732.8787423882,9.300700291613728,34566.473821566324,10.229511760358243,32713.948359084505,11.433866804502863,30792.810842436702,11.881051065412613,28940.28537995489,11.34948158453658,34223.41355073635,9.790938236179745
17619.296442566032,2.289264395911932,18511.253146723946,4.440417781084127,20775.45093420172,4.746194609896186,24823.562129995305,5.296133662465561,32988.396575748484,5.933902229693716,34223.41355073635,7.1772926136866815,36556.22339238012,8.259375196247506,36487.61133821413,9.278312376112469,35321.20641739224,10.217456728934488,33468.68095491043,11.420089625732857,31547.543438262626,11.868421984873441,29695.017975780815,11.344315142497829,34978.14614656228,9.790938236179745
18374.029038391956,2.2312854352548275,19197.37368838388,4.303602741909771,21530.183530027636,4.628514541235727,25578.29472582123,5.197397214613856,33743.1291715744,5.860997992035772,34978.14614656228,7.12792438976083,37310.95598820604,8.220913905514573,37242.34393404005,9.255924460611212,36075.939013218165,10.204253599279902,34223.41355073635,11.4045902996166,32302.27603408855,11.851774560526351,30449.75057160674,11.335704405766576,35732.8787423882,9.790938236179745
19128.76163421788,2.181343162213558,19952.106284209796,4.162386659517217,22284.91612585356,4.519445209306518,26333.027321647154,5.105549356147154,34497.861767400325,5.787519705262412,35732.8787423882,7.0791302149503945,38065.68858403197,8.181878565666226,37997.076529865975,9.231814397763703,36830.67160904409,10.190476420509896,34978.14614656228,11.389090973500345,33057.008629914475,11.834553087063846,31204.483167432663,11.329389865496989,36487.61133821413,9.790938236179745
19883.494230043805,2.1336970856339583,20706.83888003572,4.033225608548419,23039.648721679485,4.422430908801067,27087.75991747308,5.013127448565037,35252.59436322625,5.718059762296969,36487.61133821413,7.031484138370795,38820.42117985789,8.145139422279545,38751.8091256919,9.207130285800776,37585.404204870014,10.176125192624474,35732.8787423882,11.369573303576171,33811.7412257404,11.81733161360134,31959.215763258588,11.318482932304068,37242.34393404005,9.790938236179745
20638.22682586973,2.0871991072851905,21461.571475861645,3.916119589003374,23794.38131750541,4.3340273450268665,27842.492513299003,4.927594130367924,36007.326959052174,5.648599819331526,37242.34393404005,6.984986160022027,39575.153775683815,8.107826229777448,39506.541721517824,9.181298075607017,38340.13680069594,10.158329670046552,36487.61133821413,11.350629682767414,34566.473821566324,11.796091796330913,32713.948359084505,11.307575999111148,37997.076529865975,9.790938236179745
21392.959421695654,2.0429973253980904,22216.30407168757,3.8139388464591715,24549.113913331334,4.252512370637669,28597.225109124927,4.843782959517057,36762.0595548781,5.583732269289419,37997.076529865975,6.940784378134927,40329.88637150974,8.071661135506185,40261.27431734374,9.153743718067005,39094.86939652186,10.13996009835321,37242.34393404005,11.328241767266157,35321.20641739224,11.77485197906049,33468.68095491043,11.29609501680281,38751.8091256919,9.790938236179745
22147.69201752158,1.9982214943955743,22971.036667513494,3.720942889761634,25303.846509157258,4.177311936518057,29351.95770495085,4.7651382307049435,37516.79215070402,5.520586866593561,38751.8091256919,6.894286399786159,41084.618967335664,8.037218188581171,41016.006913169665,9.12733745875783,39849.60199234779,10.118720281082787,37997.076529865975,11.304131704418648,36075.939013218165,11.751315965328399,34223.41355073635,11.283465936263639,39506.541721517824,9.790938236179745
22902.424613347503,1.9563159089701418,23725.769263339418,3.637705768026187,26058.579104983182,4.104407698860113,30106.69030077677,4.688789698354499,38271.52474652995,5.461459807705621,39506.541721517824,6.850084617899059,41839.35156316159,8.001053094309908,41770.73950899559,9.100931199448654,40604.33458817371,10.09575831646611,38751.8091256919,11.280595690686555,36830.67160904409,11.728354000711722,34978.14614656228,11.269114708378215,40261.27431734374,9.790938236179745
23657.157209173427,1.9149843726601237,24480.501859165342,3.5648015303682445,26813.311700809107,4.037818001471756,30861.422896602693,4.6141633133503035,39026.25734235587,5.4040548961639345,40261.27431734374,6.804160688665709,42594.084158987505,7.964313950923227,42525.472104821514,9.074524940139476,41359.067183999636,10.070500155387766,39506.541721517824,11.254763480492795,37585.404204870014,11.70309583963338,35732.8787423882,11.255337529608212,41016.006913169665,9.790938236179745
24411.88980499935,1.8736528363501073,25235.234454991267,3.500508029441555,27568.04429663503,3.9735245005450626,31616.155492428617,4.546999566846528,39780.989938181796,5.3518164266609975,41016.006913169665,6.759958906778609,43348.81675481343,7.929871003998214,43280.20470064744,9.046970582599467,42113.79977982556,10.043519846963173,40261.27431734374,11.2277831720682,38340.13680069594,11.677837678555036,36487.61133821413,11.23869010526112,41770.73950899559,9.790938236179745
25166.62240082527,1.834043447386346,25989.96705081719,3.440232872322781,28322.776892460955,3.910379097849205,32370.88808825454,4.485002262381505,40535.72253400772,5.300152006273478,41770.73950899559,6.713460928429843,44103.549350639354,7.896002106188618,44034.93729647336,9.018268126828623,42868.532375651484,10.015965489423163,40947.394859003674,11.203290409810414,39094.86939652186,11.64970927189961,37242.34393404005,11.223764828260283,42525.472104821514,9.790938236179745
25921.354996651193,1.796730254884249,26744.699646643116,3.382827960781091,29077.50948828688,3.848381793384185,33125.620684080466,4.4270233017244,41290.45512983364,5.253079978809293,42525.472104821514,6.668111048311909,44858.28194646528,7.8615591592636065,44789.66989229929,8.990139720173195,43623.2649714774,9.985540886306069,46642.195354781106,10.932721926743923,39849.60199234779,11.622728963475016,37997.076529865975,11.208265502144027,43280.20470064744,9.790938236179745
26676.087592477117,1.7599911114975662,27499.432242469033,3.3300154421627397,29832.242084112797,3.7858104398037433,33880.35327990639,4.374784832221465,42045.18772565956,5.208304147806777,43280.20470064744,6.623335217309391,45613.01454229121,7.828264310569427,45544.402488125204,8.962585362633185,44377.997567303326,9.955116283188975,47396.92795060702,10.894260636010994,40604.33458817371,11.595748655050423,38751.8091256919,11.191618077796937,44034.93729647336,9.790938236179745
27430.82018830304,1.724400066341719,28254.164838294957,3.2772029235443867,30586.97467993872,3.724961233569555,34635.085875732315,4.324842559180196,42799.920321485486,5.166972611496762,44034.93729647336,6.579707484537709,46367.74713811713,7.794969461875247,46299.135083951136,8.934456955977756,45132.73016312926,9.924117630956463,48151.66054643294,10.85465124704723,41359.067183999636,11.565898101048745,39506.541721517824,11.174970653449847,44789.66989229929,9.790938236179745
28185.552784128966,1.691105217647543,29008.89743412088,3.2261125522722853,31341.707275764646,3.665834174681615,35389.81847155824,4.278344580831428,43554.65291731141,5.129659418994663,44789.66989229929,6.537801899112274,47122.479733943044,7.761674613181068,47053.86767977705,8.906328549322332,45887.462758955175,9.890822782262283,48906.39314225887,10.816189956314297,42113.79977982556,11.534899448816233,40089.74418192876,11.164350744814636,45475.79043395921,9.80146246996239
28940.28537995489,1.6578103689533634,29763.630029946806,3.175022181000182,32096.43987159057,3.6090033122553447,36144.55106738416,4.236438995405997,44309.385513137335,5.0934943247234,45544.402488125204,6.49647036280226,47877.212329768976,7.728953813602306,47808.600275602985,8.87705204443607,46470.66521936612,9.864607872658246,49661.12573808479,10.780024862043033,42868.532375651484,11.50447484569914,47328.31589644103,10.983812298016026,50141.41011724674,9.81619639725809
29695.017975780815,1.6273857658362658,30518.36262577273,3.1233577606126612,32851.172467416494,3.55619079363699,36899.28366321009,4.194533409980561,45064.11810896325,5.059625426913804,46299.135083951136,6.457435022953911,48631.94492559489,7.695084915792709,48563.3328714289,8.846053392203558,51033.366821404656,9.653166448479695,50415.85833391072,10.741563571310103,43623.2649714774,11.47290214435121,48083.04849226695,10.966016775438103,50896.14271307267,9.81619639725809
30449.75057160674,1.5975352118345896,31273.095221598654,3.0745635858022275,33605.90506324242,3.50682256971114,37654.016259036005,4.153775922785966,45818.85070478918,5.029774872912126,47053.86767977705,6.418973732220982,49386.677521420825,7.662938165329365,49318.06546725483,8.81620283820188,51788.09941723057,9.614705157746762,51170.59092973664,10.704250378808005,44377.997567303326,11.440755393887864,48837.78108809288,10.947073154629345,51650.87530889859,9.81619639725809
31204.483167432663,1.5682587069483311,32027.82781742458,3.0280656074534598,34360.63765906834,3.458028394900703,38408.74885486193,4.115314632053034,46573.5833006151,4.999924318910448,47808.600275602985,6.382234588834301,50141.41011724674,7.631365463981435,50072.79806308075,8.784056087738534,52542.832013056504,9.575095768782997,51925.32352556257,10.665789088075073,45132.73016312926,11.407460545193686,49592.5136839188,10.930425730282256,52405.60790472452,9.81619639725809
31959.215763258588,1.5424264967545689,32782.5604132505,2.9838638255663597,35115.37025489427,3.415548760359856,39163.481450687854,4.076853341320103,47328.31589644103,4.97236996137044,48563.3328714289,6.346069494563038,50896.14271307267,7.599792762633507,50827.53065890668,8.752483386390606,53297.56460888242,9.533764232472983,52680.05612138849,10.628475895572977,45887.462758955175,11.371295450922421,50347.24627974473,10.91320425681975,53160.34050055044,9.81619639725809
32713.948359084505,1.5165942865608102,33537.29300907643,2.9448284857180127,35870.10285072019,3.371921027588172,39918.21404651378,4.038105026029463,48083.04849226695,4.946537751176679,49318.06546725483,6.31220059675344,51650.87530889859,7.5682200612855794,51582.2632547326,8.71861448858101,54052.29720470835,9.49185864704755,53434.78871721442,10.591162703070879,46642.195354781106,11.336278454881992,51101.97887557065,10.897130881588078,53915.073096376356,9.815048299027254
33468.68095491043,1.4942063710595512,34292.02560490235,2.9098114896775833,36624.835446546116,3.3323116386244056,40672.9466423397,4.003375054546742,48837.78108809288,4.92242768832917,50072.79806308075,6.278331698943845,52405.60790472452,7.537221409053066,52336.99585055852,8.685893689002247,54807.02980053427,9.448804963391284,54189.521313040335,10.55270141233795,47396.92795060702,11.301835507956978,51856.71147139658,10.881057506356406,54669.80569220229,9.809881856988502
34223.41355073635,1.47411465201996,35046.75820072827,2.8782387883296536,37379.56804237203,3.2938503478914747,41427.67923816563,3.969506156737145,49592.5136839188,4.898891674597079,50827.53065890668,6.245036850249667,53160.34050055044,7.505648707705138,53091.72844638445,8.649728594730984,55561.7623963602,9.405751279735018,54944.25390886625,10.514814170720435,48151.66054643294,11.2685406592628,52611.444067222496,10.863836032893898,55424.538288028205,9.807011611411419
34978.14614656228,1.4557450803266185,35801.49079655419,2.8478141852125596,38134.30063819796,3.2565371553893776,42182.41183399155,3.937359406273801,50347.24627974473,4.87822590644207,51582.2632547326,6.215186296247989,53915.073096376356,7.474650055472628,53846.461042210365,8.614711598690555,56316.49499218612,9.363271645194168,55698.986504692184,10.475778830872086,48906.39314225887,11.234097712337785,53366.17666304841,10.847188608546809,56179.27088385414,9.803567316718917
35732.8787423882,1.4385236068641163,36556.22339238012,2.822556024134215,38889.03323402388,3.220946110233532,42937.144429817476,3.907508852272123,51101.97887557065,4.859282285633313,52336.99585055852,6.184761693130893,54669.80569220229,7.444225452355532,54601.1936380363,8.580268651765541,57071.22758801205,9.320792010653319,56453.7191005181,10.437891589254573,49661.12573808479,11.203673109220691,54120.909258874344,10.831115233315135,56934.003479680054,9.803567316718917
36487.61133821413,1.4241723789786924,37310.95598820604,2.7984459612867063,39643.765829849806,3.1859291141931028,43691.8770256434,3.8793804456166967,51856.71147139658,4.844357008632473,53091.72844638445,6.154911139129215,55424.538288028205,7.414374898353856,55355.926233862214,8.542955459263444,57825.96018383797,9.278312376112469,57208.45169634403,10.39943029852164,50415.85833391072,11.17439660433443,54875.64185470026,10.813893759852629,57688.736075505985,9.803567316718917
37242.34393404005,1.4098211510932686,38065.68858403197,2.7754839966700313,40398.49842567573,3.153782363729757,44446.609621469324,3.8524001371921024,52611.444067222496,4.831153878977885,53846.461042210365,6.129078928935455,56179.27088385414,7.385098393467594,56110.658829688145,8.505642266761347,58580.692779663885,9.236406790687038,57963.18429216995,10.360394958673293,51170.59092973664,11.144546050332753,55630.37445052619,10.796098237274705,58443.4686713319,9.803567316718917
37997.076529865975,1.397192070554098,38820.42117985789,2.7525220320533563,41153.231021501655,3.1210615641509936,45201.34221729525,3.826567926998342,53366.17666304841,4.81909884755413,54601.1936380363,6.103246718741696,56934.003479680054,7.355821888581332,56865.39142551406,8.46832907425925,59335.425375489816,9.19335310703077,58717.91688799588,10.32021152059411,51925.32352556257,11.116417643677327,56385.10704635211,10.78059891115845,59198.201267157834,9.803567316718917
38751.8091256919,1.3851370391303455,39575.153775683815,2.7289860183212635,41907.96361732758,3.0912110101493155,45956.074813121166,3.8018838150354153,54120.909258874344,4.811062159938295,55355.926233862214,6.080858803240439,57688.736075505985,7.3259713345796555,57620.124021339994,8.431015881757153,60090.15797131573,9.150299423374506,59472.6494838218,10.280602131630346,52680.05612138849,11.090585433483566,57139.83964217804,10.763377437695944,59952.93386298375,9.803567316718917
39506.541721517824,1.3725079585911715,40329.88637150974,2.708320250166256,42662.696213153504,3.063656652609305,46710.8074089471,3.7783478013033243,54875.64185470026,4.802451423207042,56110.658829688145,6.05847088773918,58443.4686713319,7.297842927924227,58374.85661716591,8.394276738370472,60844.890567141665,9.107819788833655,60227.38207964773,10.240992742666581,53434.78871721442,11.064753223289806,57894.57223800396,10.745007866002602,60707.66645880968,9.801845169372667
40261.27431734374,1.361026976282833,41084.618967335664,2.685932334664999,43417.42880897943,3.0372503933001305,47465.540004773015,3.757682033148317,55630.37445052619,4.796710932052871,56865.39142551406,6.037805119584172,59198.201267157834,7.269140472153383,59129.58921299183,8.355815447637541,61599.62316296758,9.06476610517739,60982.11467547365,10.201383353702816,54189.521313040335,11.038921013096047,58649.30483382989,10.728360441655514,61462.3990546356,9.802419218488083
41016.006913169665,1.350120043089916,41839.35156316159,2.664692517394574,44172.16140480535,3.01314033045262,48220.272600598946,3.735868166762474,56385.10704635211,4.78982234266787,57620.124021339994,6.019435547890831,59952.93386298375,7.241012065497957,59884.32180881776,8.31735415690461,62354.355758793514,9.021712421521125,61736.84727129958,10.161773964739051,54944.25390886625,11.01251475378687,59404.03742965581,10.709416820846757,62217.13165046152,9.803567316718917
41770.73950899559,1.3380650116661599,42594.084158987505,2.644026749239565,44926.89400063127,2.989030267605113,48975.00519642486,3.714054300376633,57139.83964217804,4.789248293552454,58374.85661716591,6.000491927082074,60707.66645880968,7.213457707957945,60639.05440464368,8.279466915287095,63109.08835461943,8.97808468874944,62491.579867125496,10.121016477544453,55698.986504692184,10.984386347131444,60158.770025481725,10.692769396499667,62971.86424628745,9.803567316718917
42525.472104821514,1.3265840293578215,43348.81675481343,2.6227869319691415,45681.6265964572,2.966642352103854,49729.73779225078,3.6951106795678754,57894.57223800396,4.778341360359532,59129.58921299183,5.983844502734984,61462.3990546356,7.184755252187102,61393.78700046961,8.240431575438748,63863.82095044536,8.935605054208592,63246.31246295141,10.081407088580688,56453.7191005181,10.956257940476016,60913.502621307656,10.673251726575494,63726.596842113366,9.802993267603501
43280.20470064744,1.3145289979340653,44103.549350639354,2.6032692620449662,46436.35919228312,2.9459765839488448,50484.47038807671,3.675018960528286,58649.30483382989,4.777193262128698,59884.32180881776,5.968919225734146,62217.13165046152,7.157774943762508,62148.519596295526,8.201970284705816,64618.55354627128,8.893125419667742,64001.045058777345,10.04064960138609,57208.45169634403,10.926981435589756,61668.23521713357,10.656030253112988,64481.3294379393,9.797252776449332
44034.93729647336,1.3030480156257305,44858.28194646528,2.5837515921207928,47191.09178810905,2.9264589140246713,51239.20298390263,3.6549272414886964,59404.03742965581,4.772600869205364,60639.05440464368,5.95341989961789,62971.86424628745,7.12964653710708,62903.25219212146,8.163508993972885,65373.2861420972,8.850645785126892,64755.77765460326,10.000466163306907,57963.18429216995,10.89827897981891,62422.967812959505,10.637660681419646,65236.062033765214,9.797252776449332
44789.66989229929,1.2921410824328063,45613.01454229121,2.5636598730812015,47945.82438393497,2.906941244100498,51993.93557972856,3.6342614733336873,60158.770025481725,4.764564181589527,61393.78700046961,5.939642720847884,63726.596842113366,7.102666228682487,63657.984787947375,8.125621752355372,66128.01873792312,8.808740199701461,65510.51025042919,9.960282725227724,58717.91688799588,10.867854376701816,62937.558219204446,10.626036186832454,65990.79462959114,9.79380848175683
45544.402488125204,1.2818081983553036,46367.74713811713,2.544716252272446,48700.556979760884,2.8902938197534063,52748.66817555448,3.61531785252493,60913.502621307656,4.762842034243276,62148.519596295526,5.926439591193297,64481.3294379393,7.075685920257895,64412.717383773306,8.08716046162244,66882.75133374904,8.76626056516061,66265.2428462551,9.91895118891771,59472.6494838218,10.836281675353888,71548.37101703658,10.409189133483729,66505.38503583608,9.790938236179745
46299.135083951136,1.270901265162383,47122.479733943044,2.5257726314636884,49455.289575586816,2.8747944936371503,53503.40077138041,3.598096379062424,61668.23521713357,4.754231297512025,62903.25219212146,5.913810510654125,65236.062033765214,7.0492796609487165,65167.44997959922,8.046977023543258,67637.48392957498,8.723780930619762,66745.52722541706,9.891970880493117,60227.38207964773,10.805283023121376,72303.1036128625,10.390245512674971,70313.35404204871,9.790938236179745
47053.86767977705,1.2617164793157158,47877.212329768976,2.507977108885763,50210.02217141273,2.859869216636314,54258.13336720633,3.583171102061584,62422.967812959505,4.751935101050355,63657.984787947375,5.901755479230371,65990.79462959114,7.021725303408708,65922.18257542516,8.008515732810327,68392.2165254009,8.68187534519433,70587.80225871268,9.683017002481373,60982.11467547365,10.773710321773448,73057.83620868842,10.370727842750796,71068.08663787463,9.790938236179745
47808.600275602985,1.2525316934690451,48631.94492559489,2.4896075371924233,50964.754767238664,2.84551798875089,55012.86596303226,3.568819874176162,63177.70040878542,4.7496389045886875,64412.717383773306,5.890274496922032,66745.52722541706,6.99531904409953,66676.91517125108,7.968332294731145,69146.94912122682,8.638821661538064,71342.5348545386,9.642259515286774,61736.84727129958,10.74213762042552,73812.56880451436,10.352358271057458,71822.81923370055,9.790938236179745
48563.3328714289,1.2433469076223744,49386.677521420825,2.4723860637299175,51719.48736306458,2.8328889082117197,55767.598558858175,3.55619079363699,63932.433004611354,4.740454118742017,65167.44997959922,5.879367563729112,67500.259821243,6.968338735674937,67431.647767077,7.929296954882798,69901.68171705274,8.596916076112631,72097.26745036451,9.602076077207592,62491.579867125496,10.709990869962173,74567.30140034028,10.331692502902449,72577.55182952646,9.790938236179745
49318.06546725483,1.2358842691219536,50141.41011724674,2.4557386393828295,52474.21995889051,2.821407925903383,56522.33115468409,3.546431958674903,64687.16560043727,4.739306020511185,65922.18257542516,5.869034679651609,68254.99241706892,6.940784378134927,68186.38036290291,7.888539467688199,70656.41431287868,8.554436441571783,72852.00004619046,9.560744540897575,63246.31246295141,10.677844119498829,75322.0339961662,10.312748882093693,73332.28442535241,9.790938236179745
50072.79806308075,1.2266994832752829,50896.14271307267,2.439665264151156,53228.95255471643,2.8105009927104607,57277.063750510024,3.5378212219436485,65441.8981962632,4.739306020511185,66676.91517125108,5.859849893804938,69009.72501289484,6.914952167941166,68941.11295872883,7.850078176955268,71411.1469087046,8.511956807030932,73606.73264201637,9.51941300458756,63726.596842113366,10.658135099869515,76076.76659199211,10.292657163054102,74087.01702117833,9.785771794140993
50827.53065890668,1.2203849430056977,51650.87530889859,2.4230178398040643,53983.68515054236,2.80131620686379,58031.79634633594,3.5269142887507297,66196.63079208913,4.737009824049515,67431.647767077,5.850091058842851,69764.45760872075,6.887397810401158,69695.84555455478,7.811042837106919,72165.87950453052,8.4700512216055,74361.46523784229,9.477507419162128,70450.5781503807,10.356950663980792,76831.49918781806,10.274861640476178,74841.74961700424,9.78462369591016
51582.2632547326,1.2134963536206946,52405.60790472452,2.408092562803228,54738.41774636828,2.7944276174787888,58786.52894216187,3.524044043173646,66951.36338791504,4.728399087318264,68186.38036290291,5.838610076534513,70519.19020454667,6.8609915510919794,70450.5781503807,7.771433448143155,72920.61210035643,8.428145636180068,75116.19783366821,9.436175882852112,71205.31074620661,10.323081766171196,77586.23178364398,10.25419587232117,75596.48221283016,9.78462369591016
52336.99585055852,1.2054596660048595,53160.34050055044,2.392019187571556,55493.15034219421,2.785242831632118,59541.26153798779,3.517155453788643,67706.09598374096,4.7266769399720125,68941.11295872883,5.828851241572426,71273.92280037262,6.834585291782803,71205.31074620661,7.732398108294808,73675.34469618235,8.386240050754635,75870.93042949415,9.394844346542097,71960.04334203253,10.288064770130767,78340.9643794699,10.235252251512412,76351.2148086561,9.781753450333076
53091.72844638445,1.2008672730815242,53915.073096376356,2.378242008801548,56247.88293802013,2.7817985369396165,60295.99413381372,3.514285208211559,68460.82857956688,4.7266769399720125,69695.84555455478,5.820240504841173,72028.65539619853,6.807030934242794,71960.04334203253,7.692788719331043,74430.0772920083,8.344334465329204,76625.66302532007,9.354086859347499,72714.77593785847,10.251899675859502,79095.69697529581,10.214586483357404,77105.94740448202,9.778309155640574
53846.461042210365,1.1951267819273532,54669.80569220229,2.364464830031544,57002.615533846045,2.7760580457854473,61050.72672963964,3.514285208211559,69215.56117539282,4.7266769399720125,70450.5781503807,5.811055718994503,72783.38799202445,6.7800506258182,72714.77593785847,7.654901477713528,75184.80988783421,8.303576978134604,77380.39562114599,9.312181273922066,73469.50853368439,10.216882679819072,79850.42957112173,10.196216911664065,77860.68000030794,9.778309155640574
54601.1936380363,1.1905343890040214,55424.538288028205,2.3512617003769574,57757.34812967198,2.769169456400446,61805.45932546557,3.514285208211559,69970.29377121874,4.719788350587011,71205.31074620661,5.799574736686166,73538.12058785037,6.7536443665090236,73469.50853368439,7.615292088749763,75939.54248366013,8.261097343593756,78135.1282169719,9.271423786727468,74224.24112951031,10.179569487316975,80605.16216694767,10.176125192624474,78615.41259613386,9.778309155640574
55355.926233862214,1.1865160451961039,56179.27088385414,2.339206668953201,58512.08072549789,2.769169456400446,62560.19192129149,3.512563060865306,70725.02636704466,4.714047859432842,71960.04334203253,5.7886678034932455,74292.85318367631,6.725515959853595,74224.24112951031,7.5762567489014145,76694.27507948605,8.220339856399157,78889.86081279782,9.230092250417453,74978.97372533623,10.14340439304571,81359.89476277359,10.157181571815716,79370.14519195977,9.778309155640574
56110.658829688145,1.179053406695683,56934.003479680054,2.3271516375294468,59266.813321323825,2.769169456400446,63314.92451711742,3.5039523241340547,71479.75896287058,4.714047859432842,72714.77593785847,5.777760870300325,75047.58577950223,6.697961602313587,74978.97372533623,7.538369507283901,77449.007675312,8.17900832008914,79644.59340862377,9.189334763222853,75733.70632116214,10.105517151428197,82114.62735859951,10.13823795100696,80124.87778778572,9.778309155640574
56865.39142551406,1.1779053084648474,57688.736075505985,2.316818753451944,60021.54591714974,2.769169456400446,64069.657112943336,3.501656127672387,72234.49155869652,4.711751662971173,73469.50853368439,5.766853937107403,75802.31837532815,6.670407244773575,75733.70632116214,7.4999082165509705,78203.74027113791,8.137102734663708,80399.32600444969,9.149151325143672,76488.43891698809,10.067629909810682,82869.35995442542,10.119294330198201,80536.55011278167,9.778309155640574
57620.124021339994,1.1773312593494332,58443.4686713319,2.3064858693744377,60776.278512975674,2.769169456400446,64824.38970876925,3.501656127672387,72989.22415452244,4.704289024470755,74224.24112951031,5.755372954799066,76557.05097115407,6.642852887233566,76488.43891698809,7.461446925818038,78958.47286696383,8.095771198353694,81154.0586002756,9.110115985295325,77243.171512814,10.030316717308587,83624.09255025137,10.099776660274028,84035.76487524732,9.772568664486405
58374.85661716591,1.1715907681952622,59198.201267157834,2.2990232308740186,61531.01110880159,2.769169456400446,65579.12230459519,3.501656127672387,73743.95675034836,4.70141877889367,74978.97372533623,5.7427438742598955,77311.78356697998,6.614724480578138,77243.171512814,7.4247077824313585,79713.20546278975,8.055587760274513,81908.79119610152,9.071080645446976,77997.90410863992,9.991855426575654,84378.82514607729,10.080258990349854,84790.49747107323,9.77199461537099
59129.58921299183,1.1715907681952622,59952.93386298375,2.289838445027348,62285.74370462752,2.769169456400446,66333.85490042111,3.509692815288224,74498.68934617427,4.696826385970336,75733.70632116214,5.7295407446053055,78066.51616280593,6.58659607392271,77997.90410863992,7.38739458992926,80467.93805861566,8.014830273079912,82663.52379192747,9.032045305598627,78752.63670446584,9.953394135842723,85133.5577419032,10.061315369541097,85545.23006689915,9.77199461537099
59884.32180881776,1.1681464735027625,60707.66645880968,2.2835239047577627,63040.47630045344,2.769169456400446,67088.58749624703,3.514285208211559,75253.42194200019,4.688789698354499,76488.43891698809,5.715763565835301,78821.24875863185,6.559041716382701,78752.63670446584,7.350081397427164,81222.67065444161,7.97464683500073,83418.25638775338,8.993584014865696,79507.36930029179,9.91321069776354,85888.29033772912,10.04237174873234,86299.9626627251,9.77199461537099
60639.05440464368,1.165276227925677,61462.3990546356,2.2766353153727614,63795.20889627936,2.769169456400446,67843.32009207294,3.514285208211559,76008.15453782614,4.685345403661998,77243.171512814,5.701412337949877,79575.98135445776,6.530339260611857,79507.36930029179,7.313342254040483,81977.40325026753,7.934463396921549,84172.9889835793,8.953400576786514,80262.1018961177,9.875323456146027,86643.02293355504,10.023428127923584,87054.69525855102,9.766828173332238
61393.78700046961,1.165276227925677,62217.13165046152,2.274339118911092,64549.94149210529,2.769169456400446,68598.05268789889,3.514285208211559,76762.88713365205,4.676734666930743,77997.90410863992,5.685338962718205,80330.71395028368,6.500488706610179,80262.1018961177,7.276029061538386,82732.13584609344,7.894854007957784,84927.72157940522,8.915513335169,80708.08024819664,9.85092636874081,87397.75552938099,10.003336408883992,87809.42785437693,9.765680075101402
62148.519596295526,1.1624059823485915,62971.86424628745,2.2703207751031744,65304.674087931206,2.7737618493237797,69352.7852837248,3.514285208211559,77517.61972947797,4.66869797931491,78752.63670446584,5.668691538371117,81085.44654610963,6.471212201723917,81016.83449194362,7.240438016382539,83486.86844191936,7.854670569878602,85682.45417523116,8.876477995320654,84172.9889835793,9.674406265750118,88152.4881252069,9.985540886306069,88564.16045020285,9.765680075101402
62903.25219212146,1.1589616876560918,63726.596842113366,2.265728382179841,66059.40668375714,2.778928291362533,70107.51787955072,3.514285208211559,78272.35232530389,4.661235340814487,79507.36930029179,5.650896015793192,81840.17914193554,6.441935696837657,81771.56708776954,7.203698872995858,84241.6010377453,7.815635230030255,86437.18677105708,8.838016704587721,84927.72157940522,9.638241171478855,88907.22072103282,9.965449167266478,89318.8930460288,9.765680075101402
63657.984787947375,1.1589616876560918,64481.3294379393,2.264006234833589,66814.13927958306,2.7817985369396165,70862.25047537664,3.514285208211559,79027.08492112983,4.651476505852401,80262.1018961177,5.6313783458690185,82594.91173776146,6.412085142835979,82526.29968359545,7.166959729609179,84996.33363357122,7.775451791951072,87191.919366883,8.798407315623956,85682.45417523116,9.60035392986134,89661.95331685874,9.947653644688554,90073.62564185471,9.765680075101402
64412.717383773306,1.1589616876560918,65236.062033765214,2.264006234833589,67568.87187540898,2.7817985369396165,71616.98307120256,3.514285208211559,79781.81751695575,4.639995523544066,81016.83449194362,5.611286626829427,83349.64433358738,6.381660539718883,83281.0322794214,7.132516782684165,85751.06622939714,7.736416452102725,87946.65196270891,8.759946024891025,86437.18677105708,9.563040737359245,90416.68591268468,9.927561925648964,90828.35823768063,9.765680075101402
65167.44997959922,1.1589616876560918,65990.79462959114,2.264006234833589,68323.6044712349,2.7817985369396165,72371.7156670285,3.5154333064423913,80536.55011278167,4.628514541235727,81771.56708776954,5.589472760443588,84104.3769294133,6.350661887486373,84035.76487524732,7.096351688412902,86505.79882522306,7.697955161369794,88701.38455853483,8.720910685042677,87191.919366883,9.524579446626312,91171.4185085106,9.909766403071039,91583.09083350655,9.765680075101402
65922.18257542516,1.1589616876560918,66745.52722541706,2.264006234833589,69078.33706706084,2.785816880747534,73126.44826285442,3.5205997484811444,81291.28270860758,4.617033558927387,82526.29968359545,5.566510795826911,84859.10952523924,6.320237284369277,84790.49747107323,7.060760643257055,87260.531421049,7.6583457724060295,89456.11715436078,8.68187534519433,87946.65196270891,9.488414352355049,91926.15110433652,9.88967468403145,92337.82342933246,9.765680075101402
66676.91517125108,1.1589616876560918,67500.259821243,2.2674505295260907,69833.06966288676,2.792705470132537,73881.18085868034,3.5205997484811444,82046.01530443353,4.603830429272801,83281.0322794214,5.543548831210236,85613.84212106516,6.2886645830213475,85545.23006689915,7.025169598101208,88015.26401687492,7.619310432557681,90210.8497501867,8.642265956230565,88701.38455853483,9.452249258083784,92680.88370016243,9.871879161453526,93092.55602515841,9.765680075101402
67431.647767077,1.1589616876560918,68254.99241706892,2.2703207751031744,70587.80225871268,2.7944276174787888,74635.91345450626,3.5205997484811444,82800.74790025945,4.5912013487336285,84035.76487524732,5.520012817478145,86368.57471689107,6.257665930788837,86299.9626627251,6.990152602060778,88769.99661270084,7.580275092709334,90965.58234601261,8.603804665497634,89456.11715436078,9.414936065581688,93435.61629598835,9.851787442413936,93847.28862098433,9.759939583947233
68186.38036290291,1.1589616876560918,69009.72501289484,2.2703207751031744,71342.5348545386,2.7944276174787888,75390.6460503322,3.5205997484811444,83555.48049608537,4.577424169963624,84790.49747107323,5.497050852861468,87123.30731271699,6.2266672785563255,87054.69525855102,6.955709655135765,89524.72920852675,7.541239752860985,91720.31494183853,8.565343374764703,90210.8497501867,9.37762287307959,94190.3488918143,9.834565968951429,94464.79710847826,9.759365534831817
68941.11295872883,1.1589616876560918,69764.45760872075,2.2703207751031744,72097.26745036451,2.7967238139404564,76145.37864615812,3.5205997484811444,84310.21309191128,4.564795089424454,85545.23006689915,5.474088888244793,87878.03990854294,6.195668626323815,87809.42785437693,6.921266708210753,90279.46180435267,7.503352511243472,92475.04753766448,8.52515993668552,90965.58234601261,9.34088372969291,94670.63327097625,9.822510937527674,100022.3734959237,9.753050994562232
69695.84555455478,1.1589616876560918,70519.19020454667,2.2754872171419276,72852.00004619046,2.800742157748374,76900.11124198404,3.5205997484811444,85064.9456877372,4.552166008885282,86299.9626627251,5.448830727166451,88632.77250436886,6.16524402320672,88564.16045020285,6.886249712170322,91034.19440017862,7.464891220510541,93229.78013349039,8.487272695068006,91720.31494183853,9.302996488075395,100365.43376675367,9.680720806019703,100777.10609174962,9.753050994562232
70450.5781503807,1.1589616876560918,71273.92280037262,2.278931511834429,73606.73264201637,2.806482648902543,77654.84383780995,3.5205997484811444,85819.67828356315,4.537240731884442,87054.69525855102,5.423572566088106,89387.50510019477,6.134245370974208,89318.8930460288,6.851232716129893,91788.92699600453,7.426429929777608,93984.51272931631,8.447663306104241,92475.04753766448,9.266257344688716,101120.16636257959,9.658332890518446,101531.83868757554,9.753050994562232
71205.31074620661,1.1589616876560918,72028.65539619853,2.2829498556423466,74361.46523784229,2.807056698017959,78409.5764336359,3.5154333064423913,86574.41087938906,4.521741405768186,87809.42785437693,5.396592257663514,90142.23769602069,6.103246718741696,90073.62564185471,6.8150676218586295,92543.65959183045,7.3879686390446775,94739.24532514223,8.408627966255894,93229.78013349039,9.228370103071201,101874.89895840551,9.635944975017187,102286.57128340146,9.753050994562232
71960.04334203253,1.1589616876560918,72783.38799202445,2.2835239047577627,75116.19783366821,2.807056698017959,79164.30902946182,3.514285208211559,87329.14347521498,4.50624207965193,88564.16045020285,5.370760047469755,90896.97029184664,6.073396164740018,90828.35823768063,6.78177277316445,93298.39218765637,7.349507348311747,95493.97792096814,8.370166675522963,93984.51272931631,9.191056910569104,102629.63155423143,9.61700135420843,103041.3038792274,9.752476945446816
72714.77593785847,1.1589616876560918,73538.12058785037,2.289264395911932,75870.93042949415,2.807056698017959,79919.04162528773,3.514285208211559,88083.8760710409,4.49131680265109,89318.8930460288,5.3443537881605785,91651.70288767255,6.04182346339209,91583.09083350655,6.747329826239438,94053.12478348232,7.311620106694232,96248.71051679409,8.331131335674614,94739.24532514223,9.153743718067005,103384.36415005737,9.594613438707173,103796.03647505332,9.746736454292646
73469.50853368439,1.1589616876560918,74292.85318367631,2.2938567888352654,76625.66302532007,2.8093528944796287,80673.77422111365,3.514285208211559,88838.60866686684,4.4758174765348375,90073.62564185471,5.317947528851402,92406.43548349847,6.011398860274996,92337.82342933246,6.712312830199007,94807.85737930823,7.273732865076717,97003.44311262,8.29152194671085,95493.97792096814,9.11815267291116,104139.09674588329,9.571651474090496,104550.76907087924,9.746736454292646
74224.24112951031,1.1589616876560918,75047.58577950223,2.295578936181519,77380.39562114599,2.813371238287546,81428.50681693957,3.5108409135190577,89593.34126269276,4.458596003072328,90828.35823768063,5.2915412695422255,93161.16807932439,5.980400208042482,93092.55602515841,6.6778698832739956,95562.58997513415,7.235271574343788,97758.17570844592,8.253060655977919,96248.71051679409,9.080839480409063,104893.8293417092,9.549837607704655,105305.50166670515,9.746736454292646
74978.97372533623,1.1589616876560918,75802.31837532815,2.3007453782202703,78135.1282169719,2.813371238287546,82183.23941276551,3.501656127672387,90348.07385851868,4.444818824302326,91583.09083350655,5.263412862886797,93915.9006751503,5.948253457579138,93847.28862098433,6.643426936348982,96317.32257096007,7.197384332726273,98512.90830427184,8.21402531612957,97003.44311262,9.045822484368633,105648.56193753512,9.52687564308798,106060.2342625311,9.746736454292646
75733.70632116214,1.1589616876560918,76557.05097115407,2.301893476451104,78889.86081279782,2.813371238287546,82937.97200859143,3.501656127672387,91102.8064543446,4.425301154378152,92337.82342933246,5.234710407115953,94670.63327097625,5.9166807562312105,94602.02121681024,6.608409940308553,97072.05516678598,7.159497091108758,99267.64090009779,8.174415927165805,97758.17570844592,9.010805488328204,106403.29453336104,9.505061776702139,106814.96685835702,9.746736454292646
76488.43891698809,1.1589616876560918,77311.78356697998,2.3082080167206893,79644.59340862377,2.8191117294417154,83692.70460441735,3.501656127672387,91857.53905017051,4.406357533569395,93092.55602515841,5.206007951345111,95425.36586680217,5.885682103998697,95356.75381263616,6.573392944268123,97826.78776261193,7.122183898606661,100022.3734959237,8.136528685548292,98512.90830427184,8.976936590518607,107158.02712918699,9.481525762970046,107569.69945418293,9.744440257830979
77243.171512814,1.1606838350023452,78066.51616280593,2.3082080167206893,80399.32600444969,2.8196857785571314,84447.43720024326,3.4993599312107193,92612.27164599646,4.388562010991469,93847.28862098433,5.177879544689683,96180.09846262808,5.853535353535353,96111.48640846211,6.53894999734311,98581.52035843785,7.084296656989146,100777.10609174962,8.099215493046193,99267.64090009779,8.944789840055261,107912.7597250129,9.457989749237955,108324.43205000885,9.74042191402306
77997.90410863992,1.1704426699644301,78821.24875863185,2.312800409644023,81154.0586002756,2.8196857785571314,85202.16979606921,3.491323243594884,93367.00424182237,4.369044341067296,94602.02121681024,5.149751138034254,96934.831058454,5.821962652187423,96866.21900428802,6.504507050418097,99336.25295426376,7.046409415371633,101531.83868757554,8.061902300544098,100022.3734959237,8.9120690404765,108667.49232083882,9.435601833736696,109079.16464583477,9.74042191402306
78752.63670446584,1.1715907681952622,79575.98135445776,2.3145225569902745,81908.79119610152,2.8196857785571314,85956.90239189513,3.4890270471332148,94121.73683764829,4.352396916720204,95356.75381263616,5.11932653491716,97689.56365427995,5.788093754377828,97620.95160011394,6.469490054377667,100090.98555008968,7.009096222869536,102286.57128340146,8.025163157157417,100777.10609174962,8.881644437359405,109422.22491666474,9.41436201646627,109696.67313332873,9.74132399120443
79507.36930029179,1.1715907681952622,80330.71395028368,2.31739280256736,82663.52379192747,2.8196857785571314,86711.63498772105,3.4890270471332148,94876.46943347421,4.331731148565199,96111.48640846211,5.091198128261734,98444.29625010586,5.755947003914482,98375.68419593986,6.434473058337238,100845.71814591563,6.9729311285982725,103041.3038792274,7.987275915539902,101531.83868757554,8.852941981588561,109936.81532290971,9.399436739465433,99116.60777385157,9.756097560975608
80262.1018961177,1.1715907681952622,81085.44654610963,2.3219851954906936,83418.25638775338,2.8196857785571314,87466.36758354696,3.485582752440715,95631.20202930016,4.312213478641025,96866.21900428802,5.061347574260056,99199.02884593178,5.72322620433572,99130.41679176578,6.401752258758474,101600.45074174154,6.936191985211591,103796.03647505332,7.950536772153221,102286.57128340146,8.824813574933133,4240.282685512368,9.365853658536585,98409.89399293286,9.756097560975608
81016.83449194362,1.1715907681952622,81840.17914193554,2.3271516375294468,84172.9889835793,2.8196857785571314,88221.10017937288,3.4769720157094604,96385.93462512607,4.2909736613706,97620.95160011394,5.03092297114296,99953.7614417577,5.689357306526125,99885.14938759172,6.368457410064295,102355.18333756746,6.900600940055744,104550.76907087924,7.913797628766542,103041.3038792274,8.79783326650854,4063.604240282686,9.235772357723576,97703.18021201412,9.756097560975608
81771.56708776954,1.1715907681952622,82594.91173776146,2.3300218831065305,84927.72157940522,2.8196857785571314,88975.83277519883,3.4763979665940443,97140.66722095199,4.269733844100175,98375.68419593986,5.0016464662567,100708.49403758362,5.654914359601111,100639.88198341764,6.333440414023865,103109.91593339338,6.865583944015315,105305.50166670515,7.875910387149027,103796.03647505332,8.773149154545614,4770.318021201412,9.658536585365853,96819.78798586573,9.756097560975608
82526.29968359545,1.1715907681952622,83349.64433358738,2.333466177799032,85682.45417523116,2.8196857785571314,89730.56537102474,3.4741017701323766,97895.3998167779,4.249642125060584,99130.41679176578,4.97236996137044,101463.22663340956,5.620471412676098,101394.61457924356,6.298423417983436,103864.6485292193,6.829418849744052,106060.2342625311,7.83859719464693,104550.76907087924,8.749613140813521,5477.031802120138,9.95121951219512,96113.07420494698,9.756097560975608
83281.0322794214,1.1715907681952622,84104.3769294133,2.338632619837785,86437.18677105708,2.8196857785571314,90485.29796685066,3.464916984285706,98650.13241260382,4.227828258674743,99885.14938759172,4.941945358253344,102217.95922923548,5.5854544166356686,102149.34717506947,6.262832372827589,104619.38112504524,6.794975902819038,106814.96685835702,7.8018580512602504,105305.50166670515,8.728373323543098,10070.671378091873,10.89430894308943,95406.36042402827,9.756097560975608
84035.76487524732,1.1715907681952622,84859.10952523924,2.3426509636457027,87191.919366883,2.8196857785571314,91240.03056267658,3.463768886054872,99404.86500842977,4.2065884414043175,100639.88198341764,4.91094670602083,102972.6918250614,5.550437420595239,102904.07977089542,6.227815376787159,105374.11372087116,6.761681054124859,107569.69945418293,7.764544858758152,106060.2342625311,8.70942970273434,12367.491166077736,11.056910569105689,95053.0035335689,9.756097560975608
84790.49747107323,1.180775554041933,85613.84212106516,2.346095258338204,87946.65196270891,2.8196857785571314,91994.76315850252,3.456880296669871,100159.59760425569,4.184200525903059,101394.61457924356,4.879948053788322,103727.42442088731,5.515994473670226,103658.81236672134,6.193372429862146,106128.84631669708,6.728386205430681,108324.43205000885,7.727805715371472,106814.96685835702,8.691060131040999,40812.72084805654,11.154471544715445,83392.22614840989,9.78861788617886
85545.23006689915,1.1842198487344362,86368.57471689107,2.349539553030704,88701.38455853483,2.8196857785571314,92749.49575432844,3.4511398055157017,100914.3302000816,4.158942364824716,102149.34717506947,4.8472272542095585,104482.15701671326,5.478681281168129,104413.54496254725,6.158355433821717,106883.578912523,6.695091356736501,109079.16464583477,7.689918473753957,107569.69945418293,8.675560804924743,41519.434628975265,11.121951219512194,82862.19081272086,9.78861788617886
86299.9626627251,1.1842198487344362,87123.30731271699,2.3524097986077894,89456.11715436078,2.8196857785571314,93504.22835015436,3.4442512161306986,101669.06279590752,4.131962056400125,102904.07977089542,4.813358356399961,105236.88961253918,5.441942137781448,105168.27755837317,6.122190339550453,107638.31150834894,6.66237055715774,109765.28518749471,7.656623625059778,108324.43205000885,8.662357675270156,42402.82685512367,11.121951219512194,81095.40636042404,9.756097560975608
87054.69525855102,1.1842198487344362,87878.03990854294,2.356428142415707,90210.8497501867,2.8196857785571314,94258.96094598027,3.4385107249765294,102423.79539173347,4.103259600629281,103658.81236672134,4.778341360359532,105991.6222083651,5.405202994394768,105923.01015419909,6.08774739262544,108393.04410417486,6.631371904925228,69611.3074204947,9.723577235772357,109079.16464583477,8.652024791192652,43286.21908127209,11.089430894308942,81802.12014134275,9.78861788617886
87809.42785437693,1.1842198487344362,88632.77250436886,2.3587243388773746,90965.58234601261,2.8196857785571314,95013.69354180619,3.4298999882452765,103178.52798755938,4.071686899281351,104413.54496254725,4.7421762660882685,106746.35480419101,5.3673157527772535,106677.74275002503,6.051008249238761,109147.77670000077,6.5997992035773,68904.59363957596,9.78861788617886,109696.67313332873,8.643496061477887,43992.93286219081,11.056910569105689,82332.1554770318,9.756097560975608
88564.16045020285,1.1842198487344362,89387.50510019477,2.3604464862236263,91720.31494183853,2.8196857785571314,95768.42613763214,3.4241594970911073,103933.2605833853,4.040114197933423,105168.27755837317,4.706585220932423,107501.08740001693,5.327132314698071,107432.47534585095,6.016565302313747,109730.97916041172,6.576837238960623,68021.20141342757,9.821138211382113,82155.47703180212,9.78861788617886,44876.32508833922,11.056910569105689,69787.98586572439,9.78861788617886
89318.8930460288,1.1842198487344362,90142.23769602069,2.36503887914696,92475.04753766448,2.8196857785571314,96523.15873345805,3.4132525638981868,104687.99317921122,4.004523152777574,105923.01015419909,4.6669758319686565,108255.81999584287,5.28694887661889,108187.20794167687,5.979826158927066,50176.67844522968,9.691056910569104,67314.48763250883,9.853658536585366,81448.7632508834,9.821138211382113,45583.03886925795,11.024390243902438,69081.27208480565,9.78861788617886
90073.62564185471,1.1842198487344362,90896.97029184664,2.3656129282623777,93229.78013349039,2.8196857785571314,97277.89132928397,3.404067778051516,105442.72577503714,3.968932107621729,106677.74275002503,4.626792393889474,109010.55259166879,5.247339487655125,108941.94053750279,5.943661064655803,49469.96466431095,9.723577235772357,46113.07420494699,10.959349593495933,83392.22614840989,9.723577235772357,46113.07420494699,11.024390243902438,68374.55830388694,9.78861788617886
90828.35823768063,1.1842198487344362,91651.70288767255,2.371353419416547,93984.51272931631,2.8093528944796287,98032.62392510989,3.3937348939740133,106197.45837086308,3.9281746204271304,107432.47534585095,4.586034906694875,109730.97916041172,5.208476362541402,109696.67313332873,5.90921811773079,48586.57243816254,9.756097560975608,45229.68197879858,10.991869918699187,82685.51236749114,9.756097560975608,46643.10954063603,10.991869918699187,67844.52296819788,9.78861788617886
91583.09083350655,1.1842198487344362,92406.43548349847,2.371353419416547,94739.24532514223,2.807056698017959,98787.35652093583,3.3834020098965105,106952.190966689,3.886843084117114,108187.20794167687,4.543555272154027,16961.130742049463,9.723577235772357,25088.339222614843,9.78861788617886,47703.18021201413,9.821138211382113,44522.968197879854,11.056910569105689,69787.98586572439,10.373983739837398,63604.24028268552,10.60162601626016,67137.80918727914,9.78861788617886
92337.82342933246,1.1842198487344362,93161.16807932439,2.3742236649936306,95493.97792096814,2.807056698017959,99542.08911676175,3.371921027588172,107706.92356251492,3.8426413022300157,108941.94053750279,4.498205392036095,16254.416961130737,9.821138211382113,25971.731448763254,9.723577235772357,46996.4664310954,9.853658536585366,43639.57597173145,11.089430894308942,68374.55830388694,10.439024390243901,64310.954063604244,10.60162601626016,49469.96466431095,9.821138211382113
93092.55602515841,1.1870900943115181,93915.9006751503,2.377667959686132,96248.71051679409,2.8041864524408755,100296.82171258767,3.3569957505873322,108461.65615834083,3.796143323881246,109628.06107916273,4.457256555136357,13604.24028268551,10.146341463414632,25618.37455830389,9.756097560975608,48233.215547703185,9.78861788617886,42756.18374558304,11.121951219512194,67314.48763250883,10.504065040650406,65017.66784452297,10.569105691056908,48763.250883392226,9.821138211382113
93847.28862098433,1.1905343890040214,94670.63327097625,2.377667959686132,97003.44311262,2.7961497648250404,101051.55430841359,3.3420704735864923,109216.38875416678,3.74792319818623,12367.491166077736,9.723577235772357,12367.491166077736,10.308943089430894,10247.349823321554,10.89430894308943,49116.607773851596,9.756097560975608,42049.469964664306,11.154471544715445,64840.989399293285,10.60162601626016,65724.38162544169,10.569105691056908,47703.18021201413,9.821138211382113
94602.02121681024,1.1905343890040214,95425.36586680217,2.377667959686132,97758.17570844592,2.7909833227862872,101806.2869042395,3.322552803662319,109833.89724166071,3.7064276478432383,11660.77738515901,9.821138211382113,8657.243816254417,10.796747967479673,9540.636042402828,10.959349593495933,12720.8480565371,10.991869918699187,41519.434628975265,11.186991869918698,64310.954063604244,10.634146341463413,66431.09540636043,10.536585365853657,48233.215547703185,9.821138211382113
95356.75381263616,1.1905343890040214,96180.09846262808,2.377667959686132,98512.90830427184,2.7817985369396165,102561.01950006545,3.3024610846227294,8480.565371024735,9.756097560975608,7773.851590106009,10.569105691056908,8127.208480565372,10.89430894308943,9010.60070671378,10.991869918699187,12014.134275618373,11.024390243902438,11660.77738515901,11.21951219512195,12190.812720848055,11.317073170731707,67314.48763250883,10.536585365853657,47349.82332155477,9.821138211382113
96111.48640846211,1.1968489292736066,96934.831058454,2.377667959686132,99267.64090009779,2.7731878002083636,103315.75209589137,3.2777769726598027,7950.530035335691,9.91869918699187,7243.816254416961,10.73170731707317,7773.851590106009,10.959349593495933,7773.851590106009,11.154471544715445,11660.77738515901,11.056910569105689,10600.706713780917,11.21951219512195,11484.098939929328,11.284552845528452,68197.87985865722,10.504065040650406,46819.78798586572,9.78861788617886
96866.21900428802,1.1968489292736066,97689.56365427995,2.3747977141090466,100022.3734959237,2.7651511125925285,104070.48469171728,3.2502226151197924,7420.494699646646,10.081300813008127,6713.780918727916,10.89430894308943,7243.816254416961,11.024390243902438,7243.816254416961,11.21951219512195,10247.349823321554,11.121951219512194,9717.31448763251,11.21951219512195,10777.385159010599,11.21951219512195,68904.59363957596,10.471544715447152,46466.43109540636,9.78861788617886
97620.95160011394,1.1922565363502713,98444.29625010586,2.371353419416547,100777.10609174962,2.7519479829379403,104825.2172875432,3.222668257579784,6890.459363957598,10.27642276422764,6007.06713780919,11.089430894308942,6890.459363957598,11.121951219512194,6713.780918727916,11.317073170731707,9540.636042402828,11.186991869918698,9363.957597173146,11.186991869918698,10247.349823321554,11.121951219512194,69611.3074204947,10.471544715447152,45936.39575971731,9.78861788617886
98375.68419593986,1.1905343890040214,99199.02884593178,2.36503887914696,101531.83868757554,2.7381708041679342,105579.94988336915,3.1905215071164363,6360.424028268553,10.439024390243901,5477.031802120138,11.252032520325201,6360.424028268553,11.21951219512195,6007.06713780919,11.414634146341463,8833.922261484098,11.21951219512195,11130.742049469965,11.21951219512195,9010.60070671378,10.991869918699187,70318.02120141344,10.471544715447152,26148.40989399293,9.78861788617886
99130.41679176578,1.1905343890040214,99953.7614417577,2.3633167318007082,102286.57128340146,2.7215233798208445,106334.68247919506,3.154930461960589,5830.388692579509,10.634146341463413,4770.318021201412,11.479674796747965,6007.06713780919,11.317073170731707,5477.031802120138,11.54471544715447,6360.424028268553,11.414634146341463,10070.671378091873,11.186991869918698,7773.851590106009,10.829268292682926,70848.05653710247,10.439024390243901,25265.017667844528,9.78861788617886
99885.14938759172,1.1905343890040214,100708.49403758362,2.356428142415707,103041.3038792274,2.701431660781255,107089.41507502098,3.115321072996826,5300.353356890457,10.796747967479673,4240.282685512368,11.674796747967479,5653.7102473498235,11.414634146341463,4946.996466431094,11.674796747967479,5653.7102473498235,11.512195121951217,7773.851590106009,11.154471544715445,7067.137809187279,10.699186991869917,95406.36042402827,9.821138211382113,24734.98233215548,9.78861788617886
100639.88198341764,1.1905343890040214,101463.22663340956,2.3466693074536202,103796.03647505332,2.678469696164578,107844.1476708469,3.07226738934056,4946.996466431094,10.991869918699187,,,5300.353356890457,11.54471544715447,4416.961130742049,11.86991869918699,4593.639575971731,11.609756097560973,7420.494699646646,11.154471544715445,6360.424028268553,10.569105691056908,95936.39575971733,9.78861788617886,25795.05300353357,9.78861788617886
101394.61457924356,1.1905343890040214,102217.95922923548,2.334040226914448,104550.76907087924,2.6532115350862355,108598.88026667284,3.0274915583380437,4416.961130742049,11.186991869918698,,,4946.996466431094,11.642276422764226,4593.639575971731,11.772357723577233,5123.674911660775,11.54471544715447,7067.137809187279,11.121951219512194,5830.388692579509,10.406504065040648,96643.10954063604,9.78861788617886,16961.130742049463,9.78861788617886
102149.34717506947,1.1905343890040214,102972.6918250614,2.318540900798192,105305.50166670515,2.6250831284308074,109353.61286249876,2.9769752361813566,4063.604240282686,11.38211382113821,,,4240.282685512368,11.902439024390242,,,6007.06713780919,11.447154471544714,4770.318021201412,11.024390243902438,5123.674911660775,10.243902439024389,97349.82332155478,9.756097560975608,16431.095406360422,9.78861788617886
102904.07977089542,1.188812241657768,103727.42442088731,2.301319427335688,106060.2342625311,2.5929363779674617,109833.89724166071,2.9459765839488448,,,,,4593.639575971731,11.772357723577233,,,,,4416.961130742049,10.959349593495933,4240.282685512368,9.983739837398373,98056.53710247349,9.723577235772357,12367.491166077736,9.756097560975608
103658.81236672134,1.1842198487344362,104482.15701671326,2.280079610065261,106814.96685835702,2.5573453328116162,5653.7102473498235,9.91869918699187,,,,,9187.279151943465,10.73170731707317,,,,,,,3886.9257950530045,9.853658536585366,98763.25088339223,9.723577235772357,11837.455830388692,9.756097560975608
104413.54496254725,1.1842198487344362,105236.88961253918,2.256543596333172,107569.69945418293,2.5171618947324337,5300.353356890457,10.048780487804876,,,,,,,,,,,,,65194.34628975264,10.60162601626016,99293.28621908126,9.723577235772357,8833.922261484098,9.78861788617886
105168.27755837317,1.1830717505036006,105991.6222083651,2.2284151896777438,108324.43205000885,2.475256309307003,4946.996466431094,10.211382113821138,,,,,,,,,,,,,65547.703180212,10.60162601626016,99823.32155477031,9.691056910569104,8127.208480565372,9.78861788617886
105923.01015419909,1.1779053084648474,106746.35480419101,2.196842488329816,109079.16464583477,2.430480478304487,4770.318021201412,10.341463414634145,,,,,,,,,,,,,65901.06007067137,10.569105691056908,,,5653.7102473498235,9.886178861788617
106677.74275002503,1.1779053084648474,107501.08740001693,2.1635476396356346,109765.28518749471,2.3867889622977554,4593.639575971731,10.504065040650406,,,,,,,,,,,,,66431.09540636043,10.536585365853657,,,5123.674911660775,9.886178861788617
107432.47534585095,1.1750350628877655,108255.81999584287,2.1256603980181197,4770.318021201412,9.593495934959348,4240.282685512368,10.666666666666664,,,,,,,,,,,,,66784.45229681977,10.536585365853657,,,4593.639575971731,9.91869918699187
108187.20794167687,1.1715907681952622,109010.55259166879,2.084902910823521,4416.961130742049,9.78861788617886,,,,,,,,,,,,,,,69081.27208480565,10.406504065040648,,,,
108701.79834792181,1.1715907681952622,109559.44902499672,2.0518376817755097,4240.282685512368,9.983739837398373,,,,,,,,,,,,,,,67844.52296819788,10.471544715447152,,,,
109187.27915194345,1.1707317073170742,4593.639575971731,9.235772357723576,,,,,,,,,,,,,,,,,,,,,,
109717.31448763251,1.1707317073170742,4240.282685512368,9.398373983739836,,,,,,,,,,,,,,,,,,,,,,
